,,,,,,,,,,,,,,,,,,,,,,,,,,,,,,,,,,,,,,,,,,,,,,,,,,,,,,,,,,,,,,,,,,,,,,,,,,,,,,,,,,,,,,,,,,,,,,,,,,,,,,,,,,,,,,,,,,,,,,,,,,,,,,,,,,,,,,,,,,,,,,,,,,,,,,,,,,,,,,,,,,,,,,,,,,,,,,,,,,,,,,,,,,,,,,,,,,,,,,,,,,,,,,,,,,,,,,,,,,,,,,,,,,,,,,,,,,,,,,,,,,,,,,,,,,,,,,,,,,,,,,,,,,,,,,,,,,,,,,,,,,,,,,,,,,,,,,,,,,,,,,,,,,,,,,,,,,,,,,,,,,,,,,,,,,,,,,,,,,,,,,,,,,,,,,,,,,,,,,,,,,,,,,,,,,,,,,,,,,,,,,,,,,,,,,,,,,,,,,,,,,,,,,,,,,,,,,,,,,,,,,,,,,,,,,,,,,,,,,,,,,,,,,,,,,,,,,,,,,,,,,,,,,,,,,,,,,,,,,,,,,,,,,,,,,,,,,,,,,,,,,,,,,,,,,,,,,,,,,,,,,,,,,,,,,,,,,,,,,,,,,,,,,,,,,,,,,,,,,,,,,,,,,,,,,,,,,,,,,,,,,,,,,,,,,,,,,,,,,,,,,,,,,,,,,,,,,,,,,,,,,,,,,,,,,,,,,,,,,,,,,,,,,,,,,,,,,,,,,,,,,,,,,,,,,,,,,,,,,,,,,,,,,,,,,,,,,,,,,,,,,,,,,,,,,,,,,,,,,,,,,,,,,,,,,,,,,,,,,,,,,,,,,,,,,,,,,,,,,,,,,,,,,,,,,,,,,,,,,,,,,,,,,,,,,,,,,,,,,,,,,,,,,,,,,,,,,,,,,,,,,,,,,,EID Al Adha,,,,,,,,,,,,,,,,,,,,,,,,,,,,,,,,,,,,,,,,,,,,,,,,,
,Start,End,,,,Y/M,24/02,24/02,24/02,24/03,24/03,24/03,24/03,24/03,24/03,24/03,24/03,24/03,24/03,24/03,24/03,24/03,24/03,24/03,24/03,24/03,24/03,24/03,24/03,24/03,24/03,24/03,24/03,24/03,24/03,24/03,24/03,24/03,24/03,24/03,24/04,24/04,24/04,24/04,24/04,24/04,24/04,24/04,24/04,24/04,24/04,24/04,24/04,24/04,24/04,24/04,24/04,24/04,24/04,24/04,24/04,24/04,24/04,24/04,24/04,24/04,24/04,24/04,24/04,24/04,24/05,24/05,24/05,24/05,24/05,24/05,24/05,24/05,24/05,24/05,24/05,24/05,24/05,24/05,24/05,24/05,24/05,24/05,24/05,24/05,24/05,24/05,24/05,24/05,24/05,24/05,24/05,24/05,24/05,24/05,24/05,24/06,24/06,24/06,24/06,24/06,24/06,24/06,24/06,24/06,24/06,24/06,24/06,24/06,24/06,24/06,24/06,24/06,24/06,24/06,24/06,24/06,24/06,24/06,24/06,24/06,24/06,24/06,24/06,24/06,24/06,24/07,24/07,24/07,24/07,24/07,24/07,24/07,24/07,24/07,24/07,24/07,24/07,24/07,24/07,24/07,24/07,24/07,24/07,24/07,24/07,24/07,24/07,24/07,24/07,24/07,24/07,24/07,24/07,24/07,24/07,24/07,24/08,24/08,24/08,24/08,24/08,24/08,24/08,24/08,24/08,24/08,24/08,24/08,24/08,24/08,24/08,24/08,24/08,24/08,24/08,24/08,24/08,24/08,24/08,24/08,24/08,24/08,24/08,24/08,24/08,24/08,24/08,24/09,24/09,24/09,24/09,24/09,24/09,24/09,24/09,24/09,24/09,24/09,24/09,24/09,24/09,24/09,24/09,24/09,24/09,24/09,24/09,24/09,24/09,24/09,24/09,24/09,24/09,24/09,24/09,24/09,24/09,24/10,24/10,24/10,24/10,24/10,24/10,24/10,24/10,24/10,24/10,24/10,24/10,24/10,24/10,24/10,24/10,24/10,24/10,24/10,24/10,24/10,24/10,24/10,24/10,24/10,24/10,24/10,24/10,24/10,24/10,24/10,24/11,24/11,24/11,24/11,24/11,24/11,24/11,24/11,24/11,24/11,24/11,24/11,24/11,24/11,24/11,24/11,24/11,24/11,24/11,24/11,24/11,24/11,24/11,24/11,24/11,24/11,24/11,24/11,24/11,24/11,24/12,24/12,24/12,24/12,24/12,24/12,24/12,24/12,24/12,24/12,24/12,24/12,24/12,24/12,24/12,24/12,24/12,24/12,24/12,24/12,24/12,24/12,24/12,24/12,24/12,24/12,24/12,24/12,24/12,24/12,24/12,25/01,25/01,25/01,25/01,25/01,25/01,25/01,25/01,25/01,25/01,25/01,25/01,25/01,25/01,25/01,25/01,25/01,25/01,25/01,25/01,25/01,25/01,25/01,25/01,25/01,25/01,25/01,25/01,25/01,25/01,25/01,25/02,25/02,25/02,25/02,25/02,25/02,25/02,25/02,25/02,25/02,25/02,25/02,25/02,25/02,25/02,25/02,25/02,25/02,25/02,25/02,25/02,25/02,25/02,25/02,25/02,25/02,25/02,25/02,25/03,25/03,25/03,25/03,25/03,25/03,25/03,25/03,25/03,25/03,25/03,25/03,25/03,25/03,25/03,25/03,25/03,25/03,25/03,25/03,25/03,25/03,25/03,25/03,25/03,25/03,25/03,25/03,25/03,25/03,25/03,25/04,25/04,25/04,25/04,25/04,25/04,25/04,25/04,25/04,25/04,25/04,25/04,25/04,25/04,25/04,25/04,25/04,25/04,25/04,25/04,25/04,25/04,25/04,25/04,25/04,25/04,25/04,25/04,25/04,25/04,25/05,25/05,25/05,25/05,25/05,25/05,25/05,25/05,25/05,25/05,25/05,25/05,25/05,25/05,25/05,25/05,25/05,25/05,25/05,25/05,25/05,25/05,25/05,25/05,25/05,25/05,25/05,25/05,25/05,25/05,25/05,25/06,25/06,25/06,25/06,25/06,25/06,25/06,25/06,25/06,25/06,25/06,25/06,25/06,25/06,25/06,25/06,25/06,25/06,25/06,25/06,25/06,25/06,25/06,25/06,25/06,25/06,25/06,25/06,25/06,25/06,25/07,25/07,25/07,25/07,25/07,25/07,25/07,25/07,25/07,25/07,25/07,25/07,25/07,25/07,25/07,25/07,25/07,25/07,25/07,25/07,25/07,25/07,25/07,25/07,25/07,25/07,25/07,25/07,25/07,25/07,25/07,25/08,25/08,25/08,25/08,25/08,25/08,25/08,25/08,25/08,25/08,25/08,25/08,25/08,25/08,25/08,25/08,25/08,25/08,25/08,25/08,25/08,25/08,25/08,25/08,25/08,25/08,25/08,25/08,25/08,25/08,25/08,25/09,25/09,25/09,25/09,25/09,25/09,25/09,25/09,25/09,25/09,25/09,25/09,25/09,25/09,25/09,25/09,25/09,25/09,25/09,25/09,25/09,25/09,25/09,25/09,25/09,25/09,25/09,25/09,25/09,25/09,25/10,25/10,25/10,25/10,25/10,25/10,25/10,25/10,25/10,25/10,25/10,25/10,25/10,25/10,25/10,25/10,25/10,25/10,25/10,25/10,25/10,25/10,25/10,25/10,25/10,25/10,25/10,25/10,25/10,25/10,25/10,25/11,25/11,25/11,25/11,25/11,25/11,25/11,25/11,25/11,25/11,25/11,25/11,25/11,25/11,25/11,25/11,25/11,25/11,25/11,25/11,25/11,25/11,25/11,25/11,25/11,25/11,25/11,25/11,25/11,25/11,25/12,25/12,25/12,25/12,25/12,25/12,25/12,25/12,25/12,25/12,25/12,25/12,25/12,25/12,25/12,25/12,25/12,25/12,25/12,25/12,25/12,25/12,25/12,25/12,25/12,25/12,25/12,25/12,25/12,25/12,25/12,26/01,26/01,26/01,26/01,26/01,26/01,26/01,26/01,26/01,26/01,26/01,26/01,26/01,26/01,26/01,26/01,26/01,26/01,26/01,26/01,26/01,26/01,26/01,26/01,26/01,26/01,26/01,26/01,26/01,26/01,26/01,26/02,26/02,26/02,26/02,26/02,26/02,26/02,26/02,26/02,26/02,26/02,26/02,26/02,26/02,26/02,26/02,26/02,26/02,26/02,26/02,26/02,26/02,26/02,26/02,26/02,26/02,26/02,26/02,26/03,26/03,26/03,26/03,26/03,26/03,26/03,26/03,26/03,26/03,26/03,26/03,26/03,26/03,26/03,26/03,26/03,26/03,26/03,26/03,26/03,26/03,26/03,26/03,26/03,26/03,26/03,26/03,26/03,26/03,26/03,26/04,26/04,26/04,26/04,26/04,26/04,26/04,26/04,26/04,26/04,26/04,26/04,26/04,26/04,26/04,26/04,26/04,26/04,26/04,26/04,26/04,26/04,26/04,26/04,26/04,26/04,26/04,26/04,26/04,26/04,26/05,26/05,26/05,26/05,26/05,26/05,26/05,26/05,26/05,26/05,26/05,26/05,26/05,26/05,26/05,26/05,26/05,26/05,26/05,26/05,26/05,26/05,26/05,26/05,26/05,26/05,26/05,26/05,26/05,26/05,26/05,26/06,26/06,26/06,26/06,26/06,26/06,26/06,26/06,26/06,26/06,26/06,26/06,26/06,26/06,26/06,26/06,26/06,26/06,26/06,26/06,26/06,26/06,26/06,26/06,26/06,26/06,26/06,26/06,26/06,26/06,26/07,26/07,26/07,26/07,26/07,26/07,26/07,26/07,26/07,26/07,26/07,26/07,26/07,26/07,26/07
,2023-01-01,2023-11-30,,,,D,27,28,29,01,02,03,04,05,06,07,08,09,10,11,12,13,14,15,16,17,18,19,20,21,22,23,24,25,26,27,28,29,30,31,01,02,03,04,05,06,07,08,09,10,11,12,13,14,15,16,17,18,19,20,21,22,23,24,25,26,27,28,29,30,01,02,03,04,05,06,07,08,09,10,11,12,13,14,15,16,17,18,19,20,21,22,23,24,25,26,27,28,29,30,31,01,02,03,04,05,06,07,08,09,10,11,12,13,14,15,16,17,18,19,20,21,22,23,24,25,26,27,28,29,30,01,02,03,04,05,06,07,08,09,10,11,12,13,14,15,16,17,18,19,20,21,22,23,24,25,26,27,28,29,30,31,01,02,03,04,05,06,07,08,09,10,11,12,13,14,15,16,17,18,19,20,21,22,23,24,25,26,27,28,29,30,31,01,02,03,04,05,06,07,08,09,10,11,12,13,14,15,16,17,18,19,20,21,22,23,24,25,26,27,28,29,30,01,02,03,04,05,06,07,08,09,10,11,12,13,14,15,16,17,18,19,20,21,22,23,24,25,26,27,28,29,30,31,01,02,03,04,05,06,07,08,09,10,11,12,13,14,15,16,17,18,19,20,21,22,23,24,25,26,27,28,29,30,01,02,03,04,05,06,07,08,09,10,11,12,13,14,15,16,17,18,19,20,21,22,23,24,25,26,27,28,29,30,31,01,02,03,04,05,06,07,08,09,10,11,12,13,14,15,16,17,18,19,20,21,22,23,24,25,26,27,28,29,30,31,01,02,03,04,05,06,07,08,09,10,11,12,13,14,15,16,17,18,19,20,21,22,23,24,25,26,27,28,01,02,03,04,05,06,07,08,09,10,11,12,13,14,15,16,17,18,19,20,21,22,23,24,25,26,27,28,29,30,31,01,02,03,04,05,06,07,08,09,10,11,12,13,14,15,16,17,18,19,20,21,22,23,24,25,26,27,28,29,30,01,02,03,04,05,06,07,08,09,10,11,12,13,14,15,16,17,18,19,20,21,22,23,24,25,26,27,28,29,30,31,01,02,03,04,05,06,07,08,09,10,11,12,13,14,15,16,17,18,19,20,21,22,23,24,25,26,27,28,29,30,01,02,03,04,05,06,07,08,09,10,11,12,13,14,15,16,17,18,19,20,21,22,23,24,25,26,27,28,29,30,31,01,02,03,04,05,06,07,08,09,10,11,12,13,14,15,16,17,18,19,20,21,22,23,24,25,26,27,28,29,30,31,01,02,03,04,05,06,07,08,09,10,11,12,13,14,15,16,17,18,19,20,21,22,23,24,25,26,27,28,29,30,01,02,03,04,05,06,07,08,09,10,11,12,13,14,15,16,17,18,19,20,21,22,23,24,25,26,27,28,29,30,31,01,02,03,04,05,06,07,08,09,10,11,12,13,14,15,16,17,18,19,20,21,22,23,24,25,26,27,28,29,30,01,02,03,04,05,06,07,08,09,10,11,12,13,14,15,16,17,18,19,20,21,22,23,24,25,26,27,28,29,30,31,01,02,03,04,05,06,07,08,09,10,11,12,13,14,15,16,17,18,19,20,21,22,23,24,25,26,27,28,29,30,31,01,02,03,04,05,06,07,08,09,10,11,12,13,14,15,16,17,18,19,20,21,22,23,24,25,26,27,28,01,02,03,04,05,06,07,08,09,10,11,12,13,14,15,16,17,18,19,20,21,22,23,24,25,26,27,28,29,30,31,01,02,03,04,05,06,07,08,09,10,11,12,13,14,15,16,17,18,19,20,21,22,23,24,25,26,27,28,29,30,01,02,03,04,05,06,07,08,09,10,11,12,13,14,15,16,17,18,19,20,21,22,23,24,25,26,27,28,29,30,31,01,02,03,04,05,06,07,08,09,10,11,12,13,14,15,16,17,18,19,20,21,22,23,24,25,26,27,28,29,30,01,02,03,04,05,06,07,08,09,10,11,12,13,14,15
RANK,Transport Support,,Store,PC,Point,Active,TUE,WED,THU,FRI,SAT,SUN,MON,TUE,WED,THU,FRI,SAT,SUN,MON,TUE,WED,THU,FRI,SAT,SUN,MON,TUE,WED,THU,FRI,SAT,SUN,MON,TUE,WED,THU,FRI,SAT,SUN,MON,TUE,WED,THU,FRI,SAT,SUN,MON,TUE,WED,THU,FRI,SAT,SUN,MON,TUE,WED,THU,FRI,SAT,SUN,MON,TUE,WED,THU,FRI,SAT,SUN,MON,TUE,WED,THU,FRI,SAT,SUN,MON,TUE,WED,THU,FRI,SAT,SUN,MON,TUE,WED,THU,FRI,SAT,SUN,MON,TUE,WED,THU,FRI,SAT,SUN,MON,TUE,WED,THU,FRI,SAT,SUN,MON,TUE,WED,THU,FRI,SAT,SUN,MON,TUE,WED,THU,FRI,SAT,SUN,MON,TUE,WED,THU,FRI,SAT,SUN,MON,TUE,WED,THU,FRI,SAT,SUN,MON,TUE,WED,THU,FRI,SAT,SUN,MON,TUE,WED,THU,FRI,SAT,SUN,MON,TUE,WED,THU,FRI,SAT,SUN,MON,TUE,WED,THU,FRI,SAT,SUN,MON,TUE,WED,THU,FRI,SAT,SUN,MON,TUE,WED,THU,FRI,SAT,SUN,MON,TUE,WED,THU,FRI,SAT,SUN,MON,TUE,WED,THU,FRI,SAT,SUN,MON,TUE,WED,THU,FRI,SAT,SUN,MON,TUE,WED,THU,FRI,SAT,SUN,MON,TUE,WED,THU,FRI,SAT,SUN,MON,TUE,WED,THU,FRI,SAT,SUN,MON,TUE,WED,THU,FRI,SAT,SUN,MON,TUE,WED,THU,FRI,SAT,SUN,MON,TUE,WED,THU,FRI,SAT,SUN,MON,TUE,WED,THU,FRI,SAT,SUN,MON,TUE,WED,THU,FRI,SAT,SUN,MON,TUE,WED,THU,FRI,SAT,SUN,MON,TUE,WED,THU,FRI,SAT,SUN,MON,TUE,WED,THU,FRI,SAT,SUN,MON,TUE,WED,THU,FRI,SAT,SUN,MON,TUE,WED,THU,FRI,SAT,SUN,MON,TUE,WED,THU,FRI,SAT,SUN,MON,TUE,WED,THU,FRI,SAT,SUN,MON,TUE,WED,THU,FRI,SAT,SUN,MON,TUE,WED,THU,FRI,SAT,SUN,MON,TUE,WED,THU,FRI,SAT,SUN,MON,TUE,WED,THU,FRI,SAT,SUN,MON,TUE,WED,THU,FRI,SAT,SUN,MON,TUE,WED,THU,FRI,SAT,SUN,MON,TUE,WED,THU,FRI,SAT,SUN,MON,TUE,WED,THU,FRI,SAT,SUN,MON,TUE,WED,THU,FRI,SAT,SUN,MON,TUE,WED,THU,FRI,SAT,SUN,MON,TUE,WED,THU,FRI,SAT,SUN,MON,TUE,WED,THU,FRI,SAT,SUN,MON,TUE,WED,THU,FRI,SAT,SUN,MON,TUE,WED,THU,FRI,SAT,SUN,MON,TUE,WED,THU,FRI,SAT,SUN,MON,TUE,WED,THU,FRI,SAT,SUN,MON,TUE,WED,THU,FRI,SAT,SUN,MON,TUE,WED,THU,FRI,SAT,SUN,MON,TUE,WED,THU,FRI,SAT,SUN,MON,TUE,WED,THU,FRI,SAT,SUN,MON,TUE,WED,THU,FRI,SAT,SUN,MON,TUE,WED,THU,FRI,SAT,SUN,MON,TUE,WED,THU,FRI,SAT,SUN,MON,TUE,WED,THU,FRI,SAT,SUN,MON,TUE,WED,THU,FRI,SAT,SUN,MON,TUE,WED,THU,FRI,SAT,SUN,MON,TUE,WED,THU,FRI,SAT,SUN,MON,TUE,WED,THU,FRI,SAT,SUN,MON,TUE,WED,THU,FRI,SAT,SUN,MON,TUE,WED,THU,FRI,SAT,SUN,MON,TUE,WED,THU,FRI,SAT,SUN,MON,TUE,WED,THU,FRI,SAT,SUN,MON,TUE,WED,THU,FRI,SAT,SUN,MON,TUE,WED,THU,FRI,SAT,SUN,MON,TUE,WED,THU,FRI,SAT,SUN,MON,TUE,WED,THU,FRI,SAT,SUN,MON,TUE,WED,THU,FRI,SAT,SUN,MON,TUE,WED,THU,FRI,SAT,SUN,MON,TUE,WED,THU,FRI,SAT,SUN,MON,TUE,WED,THU,FRI,SAT,SUN,MON,TUE,WED,THU,FRI,SAT,SUN,MON,TUE,WED,THU,FRI,SAT,SUN,MON,TUE,WED,THU,FRI,SAT,SUN,MON,TUE,WED,THU,FRI,SAT,SUN,MON,TUE,WED,THU,FRI,SAT,SUN,MON,TUE,WED,THU,FRI,SAT,SUN,MON,TUE,WED,THU,FRI,SAT,SUN,MON,TUE,WED,THU,FRI,SAT,SUN,MON,TUE,WED,THU,FRI,SAT,SUN,MON,TUE,WED,THU,FRI,SAT,SUN,MON,TUE,WED,THU,FRI,SAT,SUN,MON,TUE,WED,THU,FRI,SAT,SUN,MON,TUE,WED,THU,FRI,SAT,SUN,MON,TUE,WED,THU,FRI,SAT,SUN,MON,TUE,WED,THU,FRI,SAT,SUN,MON,TUE,WED,THU,FRI,SAT,SUN,MON,TUE,WED,THU,FRI,SAT,SUN,MON,TUE,WED,THU,FRI,SAT,SUN,MON,TUE,WED,THU,FRI,SAT,SUN,MON,TUE,WED,THU,FRI,SAT,SUN,MON,TUE,WED,THU,FRI,SAT,SUN,MON,TUE,WED,THU,FRI,SAT,SUN,MON,TUE,WED,THU,FRI,SAT,SUN,MON,TUE,WED,THU,FRI,SAT,SUN,MON,TUE,WED,THU,FRI,SAT,SUN,MON,TUE,WED,THU,FRI,SAT,SUN,MON,TUE,WED,THU,FRI,SAT,SUN,MON,TUE,WED,THU,FRI,SAT,SUN,MON,TUE,WED,THU,FRI,SAT,SUN,MON,TUE,WED,THU,FRI,SAT,SUN,MON,TUE,WED,THU,FRI,SAT,SUN,MON,TUE,WED,THU,FRI,SAT,SUN,MON,TUE,WED,THU,FRI,SAT,SUN,MON,TUE,WED,THU,FRI,SAT,SUN,MON,TUE,WED,THU,FRI,SAT,SUN,MON,TUE,WED,THU,FRI,SAT,SUN,MON,TUE,WED,THU,FRI,SAT,SUN,MON,TUE,WED,THU,FRI,SAT,SUN,MON,TUE,WED,THU,FRI,SAT,SUN,MON,TUE,WED,THU,FRI,SAT,SUN,MON,TUE,WED,THU,FRI,SAT,SUN,MON,TUE,WED,THU,FRI,SAT,SUN,MON,TUE,WED
,,Off,Off,,,,,,,,,,,,,,,,,,,,,,,,,,,,,,,,,,,,,,,,,,,,,,,,,,,,,,,,,,,,,,,,,,,,,,,,,,,,,,,,,,,,,,,,,,,,,,,,,,,,,,,,,,,,,,,,,,,,,,,,,,,,,,,,,,,,,,,,,,,,,,,,,,,,,,,,,,,,,,,,,,,,,,,,,,,,,,,,,,,,,,,,,,,,,,,,,,,,,,,,,,,,,,,,,,,,,,,,,,,,,,,,,,,,,,,,,,,,,,,,,,,,,,,,,,,,,,,,,,,,,,,,,,,,,,,,,,,,,,,,,,,,,,,,,,,,,,,,,,,,,,,,,,,,,,,,,,,,,,,,,,,,,,,,,,,,,,,,,,,,,,,,,,,,,,,,,,,,,,,,,,,,,,,,,,,,,,,,,,,,,,,,,,,,,,,,,,,,,,,,,,,,,,,,,,,,,,,,,,,,,,,,,,,,,,,,,,,,,,,,,,,,,,,,,,,,,,,,,,,,,,,,,,,,,,,,,,,,,,,,,,,,,,,,,,,,,,,,,,,,,,,,,,,,,,,,,,,,,,,,,,,,,,,,,,,,,,,,,,,,,,,,,,,,,,,,,,,,,,,,,,,,,,,,,,,,,,,,,,,,,,,,,,,,,,,,,,,,,,,,,,,,,,,,,,,,,,,,,,,,,,,,,,,,,,,,,,,,,,,,,,,,,,,,,,,,,,,,,,,,,,,,,,,,,,,,,,,,,,,,,,,,,,,,,,,,,,,,,,,,,,,,,,,,,,,,,,,,,,,,,,,,,,,,,,,,,,,,,,,,,,,,,,,,,,,,,,,,,,,,,,,,,,,,,,,,,,,,,,,,,,6,4,0,1,1,6,5,5,6,1,1,1,6,4,5,6,,,,,,,,,,,,,,,,,,,,,,,,,,,,,,,,,,,,,,,,,,,,,,,,,,,,,,,,,,,,,,,,,,,,,,,,,,,,
,,Annual Leave (ลาพักร้อน),AL,,,,,,,,,,,,,,,,,,,,,,,,,,,,,,,,,,,,,,,,,,,,,,,,,,,,,,,,,,,,,,,,,,,,,,,,,,,,,,,,,,,,,,,,,,,,,,,,,,,,,,,,,,,,,,,,,,,,,,,,,,,,,,,,,,,,,,,,,,,,,,,,,,,,,,,,,,,,,,,,,,,,,,,,,,,,,,,,,,,,,,,,,,,,,,,,,,,,,,,,,,,,,,,,,,,,,,,,,,,,,,,,,,,,,,,,,,,,,,,,,,,,,,,,,,,,,,,,,,,,,,,,,,,,,,,,,,,,,,,,,,,,,,,,,,,,,,,,,,,,,,,,,,,,,,,,,,,,,,,,,,,,,,,,,,,,,,,,,,,,,,,,,,,,,,,,,,,,,,,,,,,,,,,,,,,,,,,,,,,,,,,,,,,,,,,,,,,,,,,,,,,,,,,,,,,,,,,,,,,,,,,,,,,,,,,,,,,,,,,,,,,,,,,,,,,,,,,,,,,,,,,,,,,,,,,,,,,,,,,,,,,,,,,,,,,,,,,,,,,,,,,,,,,,,,,,,,,,,,,,,,,,,,,,,,,,,,,,,,,,,,,,,,,,,,,,,,,,,,,,,,,,,,,,,,,,,,,,,,,,,,,,,,,,,,,,,,,,,,,,,,,,,,,,,,,,,,,,,,,,,,,,,,,,,,,,,,,,,,,,,,,,,,,,,,,,,,,,,,,,,,,,,,,,,,,,,,,,,,,,,,,,,,,,,,,,,,,,,,,,,,,,,,,,,,,,,,,,,,,,,,,,,,,,,,,,,,,,,,,,,,,,,,,,,,,,,,,,,,,,,,,,,,,,,,,,,,,,,,,,,,,,,,,,,,,,,,,,,,,,,,,,,,,,,,,,,,,,,,,,,,,,,,,,,,,,,,,,,,,,,,,,,,,,,,,,,,,,,,,,,,,,,,,,,,,,,
,,Sick Leave (ลาป่วย),SL,,,,,,,,,,,,,,,,,,,,,,,,,,,,,,,,,,,,,,,,,,,,,,,,,,,,,,,,,,,,,,,,,,,,,,,,,,,,,,,,,,,,,,,,,,,,,,,,,,,,,,,,,,,,,,,,,,,,,,,,,,,,,,,,,,,,,,,,,,,,,,,,,,,,,,,,,,,,,,,,,,,,,,,,,,,,,,,,,,,,,,,,,,,,,,,,,,,,,,,,,,,,,,,,,,,,,,,,,,,,,,,,,,,,,,,,,,,,,,,,,,,,,,,,,,,,,,,,,,,,,,,,,,,,,,,,,,,,,,,,,,,,,,,,,,,,,,,,,,,,,,,,,,,,,,,,,,,,,,,,,,,,,,,,,,,,,,,,,,,,,,,,,,,,,,,,,,,,,,,,,,,,,,,,,,,,,,,,,,,,,,,,,,,,,,,,,,,,,,,,,,,,,,,,,,,,,,,,,,,,,,,,,,,,,,,,,,,,,,,,,,,,,,,,,,,,,,,,,,,,,,,,,,,,,,,,,,,,,,,,,,,,,,,,,,,,,,,,,,,,,,,,,,,,,,,,,,,,,,,,,,,,,,,,,,,,,,,,,,,,,,,,,,,,,,,,,,,,,,,,,,,,,,,,,,,,,,,,,,,,,,,,,,,,,,,,,,,,,,,,,,,,,,,,,,,,,,,,,,,,,,,,,,,,,,,,,,,,,,,,,,,,,,,,,,,,,,,,,,,,,,,,,,,,,,,,,,,,,,,,,,,,,,,,,,,,,,,,,,,,,,,,,,,,,,,,,,,,,,,,,,,,,,,,,,,,,,,,,,,,,,,,,,,,,,,,,,,,,,,,,,,,,,,,,,,,,,,,,,,,,,,,,,,,,,,,,,,,,,,,,,,,,,,,,,,,,,,,,,,,,,,,,,,,,,,,,,,,,,,,,,,,,,,,,,,,,,,,,,,,,,,,,,,,,,,,,
,,Leave without Pay (ลาหักเงิน),LOP,,,,,,,,,,,,,,,,,,,,,,,,,,,,,,,,,,,,,,,,,,,,,,,,,,,,,,,,,,,,,,,,,,,,,,,,,,,,,,,,,,,,,,,,,,,,,,,,,,,,,,,,,,,,,,,,,,,,,,,,,,,,,,,,,,,,,,,,,,,,,,,,,,,,,,,,,,,,,,,,,,,,,,,,,,,,,,,,,,,,,,,,,,,,,,,,,,,,,,,,,,,,,,,,,,,,,,,,,,,,,,,,,,,,,,,,,,,,,,,,,,,,,,,,,,,,,,,,,,,,,,,,,,,,,,,,,,,,,,,,,,,,,,,,,,,,,,,,,,,,,,,,,,,,,,,,,,,,,,,,,,,,,,,,,,,,,,,,,,,,,,,,,,,,,,,,,,,,,,,,,,,,,,,,,,,,,,,,,,,,,,,,,,,,,,,,,,,,,,,,,,,,,,,,,,,,,,,,,,,,,,,,,,,,,,,,,,,,,,,,,,,,,,,,,,,,,,,,,,,,,,,,,,,,,,,,,,,,,,,,,,,,,,,,,,,,,,,,,,,,,,,,,,,,,,,,,,,,,,,,,,,,,,,,,,,,,,,,,,,,,,,,,,,,,,,,,,,,,,,,,,,,,,,,,,,,,,,,,,,,,,,,,,,,,,,,,,,,,,,,,,,,,,,,,,,,,,,,,,,,,,,,,,,,,,,,,,,,,,,,,,,,,,,,,,,,,,,,,,,,,,,,,,,,,,,,,,,,,,,,,,,,,,,,,,,,,,,,,,,,,,,,,,,,,,,,,,,,,,,,,,,,,,,,,,,,,,,,,,,,,,,,,,,,,,,,,,,,,,,,,,,,,,,,,,,,,,,,,,,,,,,,,,,,,,,,,,,,,,,,,,,,,,,,,,,,,,,,,,,,,,,,,,,,,,,,,,,,,,,,,,,,,,,,,,,,,,,,,,,,,,,,,,,,,,,,,
,,Airwheel Office,AIR,1,,,,,,,,,,,,,,,,,,,,,,,,,,,,,,,,,,,,,,,,,,,,,,,,,,,,,,,,,,,,,,,,,,,,,,,,,,,,,,,,,,,,,,,,,,,,,,,,,,,,,,,,,,,,,,,,,,,,,,,,,,,,,,,,,,,,,,,,,,,,,,,,,,,,,,,,,,,,,,,,,,,,,,,,,,,,,,,,,,,,,,,,,,,,,,,,,,,,,,,,,,,,,,,,,,,,,,,,,,,,,,,,,,,,,,,,,,,,,,,,,,,,,,,,,,,,,,,,,,,,,,,,,,,,,,,,,,,,,,,,,,,,,,,,,,,,,,,,,,,,,,,,,,,,,,,,,,,,,,,,,,,,,,,,,,,,,,,,,,,,,,,,,,,,,,,,,,,,,,,,,,,,,,,,,,,,,,,,,,,,,,,,,,,,,,,,,,,,,,,,,,,,,,,,,,,,,,,,,,,,,,,,,,,,,,,,,,,,,,,,,,,,,,,,,,,,,,,,,,,,,,,,,,,,,,,,,,,,,,,,,,,,,,,,,,,,,,,,,,,,,,,,,,,,,,,,,,,,,,,,,,,,,,,,,,,,,,,,,,,,,,,,,,,,,,,,,,,,,,,,,,,,,,,,,,,,,,,,,,,,,,,,,,,,,,,,,,,,,,,,,,,,,,,,,,,,,,,,,,,,,,,,,,,,,,,,,,,,,,,,,,,,,,,,,,,,,,,,,,,,,,,,,,,,,,,,,,,,,,,,,,,,,,,,,,,,,,,,,,,,,,,,,,,,,,,,,,,,,,,,,,,,,,,,,,,,,,,,,,,,,,,,,,,,,,,1,2,2,2,2,2,2,1,2,2,1,2,1,2,2,2,2,1,2,1,2,2,2,2,1,2,1,2,1,2,2,2,2,1,1,1,2,2,1,2,1,1,1,2,2,1,,,,,,,,,,,,,,,,,,,,,,,,,,,,,,,,,,,,,,,,,,,,,,,,,,,,,,,,,,,,,,,,,,,,,,,,,,,,
1,-,Virgin Dubai Mall,VDM,1,,,,,,,,,,,,,,,,,,,,,,,,,,,,,,,,,,,,,,,,,,,,,,,,,,,,,,,,,,,,,,,,,,,,,,,,,,,,,,,,,,,,,,,,,,,,,,,,,,,,,,,,,,,,,,,,,,,,,,,,,,,,,,,,,,,,,,,,,,,,,,,,,,,,,,,,,,,,,,,,,,,,,,,,,,,,,,,,,,,,,,,,,,,,,,,,,,,,,,,,,,,,,,,,,,,,,,,,,,,,,,,,,,,,,,,,,,,,,,,,,,,,,,,,,,,,,,,,,,,,,,,,,,,,,,,,,,,,,,,,,,,,,,,,,,,,,,,,,,,,,,,,,,,,,,,,,,,,,,,,,,,,,,,,,,,,,,,,,,,,,,,,,,,,,,,,,,,,,,,,,,,,,,,,,,,,,,,,,,,,,,,,,,,,,,,,,,,,,,,,,,,,,,,,,,,,,,,,,,,,,,,,,,,,,,,,,,,,,,,,,,,,,,,,,,,,,,,,,,,,,,,,,,,,,,,,,,,,,,,,,,,,,,,,,,,,,,,,,,,,,,,,,,,,,,,,,,,,,,,,,,,,,,,,,,,,,,,,,,,,,,,,,,,,,,,,,,,,,,,,,,,,,,,,,,,,,,,,,,,,,,,,,,,,,,,,,,,,,,,,,,,,,,,,,,,,,,,,,,,,,,,,,,,,,,,,,,,,,,,,,,,,,,,,,,,,,,,,,,,,,,,,,,,,,,,,,,,,,,,,,,,,,,,,,,,,,,,,,,,,,,,,,,,,,,,,,,,,,,,,,,,,,,,,,,,,,,,,,,,,,,,,,,,,,,,,,,,,,,,,,,,,,,,,,,,,,,,,,,,,,,,,,,,,,,,,,,,,,,,,,,,,,,,,,,,,,,,,,,,,,,,,,,,,,,,,,,,,,,,,,,,2,2,2,2,2,2,2,2,2,2,2,2,2,2,2,,,,,,,,,,,,,,,
3,-,Virgin Mall of Emirate,VME,1,,,,,,,,,,,,,,,,,,,,,,,,,,,,,,,,,,,,,,,,,,,,,,,,,,,,,,,,,,,,,,,,,,,,,,,,,,,,,,,,,,,,,,,,,,,,,,,,,,,,,,,,,,,,,,,,,,,,,,,,,,,,,,,,,,,,,,,,,,,,,,,,,,,,,,,,,,,,,,,,,,,,,,,,,,,,,,,,,,,,,,,,,,,,,,,,,,,,,,,,,,,,,,,,,,,,,,,,,,,,,,,,,,,,,,,,,,,,,,,,,,,,,,,,,,,,,,,,,,,,,,,,,,,,,,,,,,,,,,,,,,,,,,,,,,,,,,,,,,,,,,,,,,,,,,,,,,,,,,,,,,,,,,,,,,,,,,,,,,,,,,,,,,,,,,,,,,,,,,,,,,,,,,,,,,,,,,,,,,,,,,,,,,,,,,,,,,,,,,,,,,,,,,,,,,,,,,,,,,,,,,,,,,,,,,,,,,,,,,,,,,,,,,,,,,,,,,,,,,,,,,,,,,,,,,,,,,,,,,,,,,,,,,,,,,,,,,,,,,,,,,,,,,,,,,,,,,,,,,,,,,,,,,,,,,,,,,,,,,,,,,,,,,,,,,,,,,,,,,,,,,,,,,,,,,,,,,,,,,,,,,,,,,,,,,,,,,,,,,,,,,,,,,,,,,,,,,,,,,,,,,,,,,,,,,,,,,,,,,,,,,,,,,,,,,,,,,,,,,,,,,,,,,,,,,,,,,,,,,,,,,,,,,,,,,,,,,,,,,,,,,,,,,,,,,,,,,,,,,,,,,,,,,,,,,,,,,,,,,,,,,,,,,,,,,,,,,,,,,,,,,,,,,,,,,,,,,,,,,,,,,,,,,,,,,,,,,,,,,,,,,,,,,,,,,,,,,,,,,,,,,,,,,,,,,,,,,,,,,,,,,,1,1,1,1,1,1,1,1,1,1,1,1,1,1,1,,,,,,,,,,,,,,,
5,+10 AED,Virgin Dubai Hills,VDH,1,,,,,,,,,,,,,,,,,,,,,,,,,,,,,,,,,,,,,,,,,,,,,,,,,,,,,,,,,,,,,,,,,,,,,,,,,,,,,,,,,,,,,,,,,,,,,,,,,,,,,,,,,,,,,,,,,,,,,,,,,,,,,,,,,,,,,,,,,,,,,,,,,,,,,,,,,,,,,,,,,,,,,,,,,,,,,,,,,,,,,,,,,,,,,,,,,,,,,,,,,,,,,,,,,,,,,,,,,,,,,,,,,,,,,,,,,,,,,,,,,,,,,,,,,,,,,,,,,,,,,,,,,,,,,,,,,,,,,,,,,,,,,,,,,,,,,,,,,,,,,,,,,,,,,,,,,,,,,,,,,,,,,,,,,,,,,,,,,,,,,,,,,,,,,,,,,,,,,,,,,,,,,,,,,,,,,,,,,,,,,,,,,,,,,,,,,,,,,,,,,,,,,,,,,,,,,,,,,,,,,,,,,,,,,,,,,,,,,,,,,,,,,,,,,,,,,,,,,,,,,,,,,,,,,,,,,,,,,,,,,,,,,,,,,,,,,,,,,,,,,,,,,,,,,,,,,,,,,,,,,,,,,,,,,,,,,,,,,,,,,,,,,,,,,,,,,,,,,,,,,,,,,,,,,,,,,,,,,,,,,,,,,,,,,,,,,,,,,,,,,,,,,,,,,,,,,,,,,,,,,,,,,,,,,,,,,,,,,,,,,,,,,,,,,,,,,,,,,,,,,,,,,,,,,,,,,,,,,,,,,,,,,,,,,,,,,,,,,,,,,,,,,,,,,,,,,,,,,,,,,,,,,,,,,,,,,,,,,,,,,,,,,,,,,,,,,,,,,,,,,,,,,,,,,,,,,,,,,,,,,,,,,,,,,,,,,,,,,,,,,,,,,,,,,,,,,,,,,,,,,,,,,,,,,,,,,,,,,,,,,,,0,0,0,1,1,1,0,0,0,0,1,1,1,0,1,,,,,,,,,,,,,,,
,+15 AED,Virgin Nakheel,VNK,1,,,,,,,,,,,,,,,,,,,,,,,,,,,,,,,,,,,,,,,,,,,,,,,,,,,,,,,,,,,,,,,,,,,,,,,,,,,,,,,,,,,,,,,,,,,,,,,,,,,,,,,,,,,,,,,,,,,,,,,,,,,,,,,,,,,,,,,,,,,,,,,,,,,,,,,,,,,,,,,,,,,,,,,,,,,,,,,,,,,,,,,,,,,,,,,,,,,,,,,,,,,,,,,,,,,,,,,,,,,,,,,,,,,,,,,,,,,,,,,,,,,,,,,,,,,,,,,,,,,,,,,,,,,,,,,,,,,,,,,,,,,,,,,,,,,,,,,,,,,,,,,,,,,,,,,,,,,,,,,,,,,,,,,,,,,,,,,,,,,,,,,,,,,,,,,,,,,,,,,,,,,,,,,,,,,,,,,,,,,,,,,,,,,,,,,,,,,,,,,,,,,,,,,,,,,,,,,,,,,,,,,,,,,,,,,,,,,,,,,,,,,,,,,,,,,,,,,,,,,,,,,,,,,,,,,,,,,,,,,,,,,,,,,,,,,,,,,,,,,,,,,,,,,,,,,,,,,,,,,,,,,,,,,,,,,,,,,,,,,,,,,,,,,,,,,,,,,,,,,,,,,,,,,,,,,,,,,,,,,,,,,,,,,,,,,,,,,,,,,,,,,,,,,,,,,,,,,,,,,,,,,,,,,,,,,,,,,,,,,,,,,,,,,,,,,,,,,,,,,,,,,,,,,,,,,,,,,,,,,,,,,,,,,,,,,,,,,,,,,,,,,,,,,,,,,,,,,,,,,,,,,,,,,,,,,,,,,,,,,,,,,,,,,,,,,,,,,,,,,,,,,,,,,,,,,,,,,,,,,,,,,,,,,,,,,,,,,,,,,,,,,,,,,,,,,,,,,,,,,,,,,,,,,,,,,,,,,,,,,,,,,0,0,0,0,0,0,0,0,0,0,0,0,0,0,0,,,,,,,,,,,,,,,
,-,Virgin YAS mall,VYM,1,,,,,,,,,,,,,,,,,,,,,,,,,,,,,,,,,,,,,,,,,,,,,,,,,,,,,,,,,,,,,,,,,,,,,,,,,,,,,,,,,,,,,,,,,,,,,,,,,,,,,,,,,,,,,,,,,,,,,,,,,,,,,,,,,,,,,,,,,,,,,,,,,,,,,,,,,,,,,,,,,,,,,,,,,,,,,,,,,,,,,,,,,,,,,,,,,,,,,,,,,,,,,,,,,,,,,,,,,,,,,,,,,,,,,,,,,,,,,,,,,,,,,,,,,,,,,,,,,,,,,,,,,,,,,,,,,,,,,,,,,,,,,,,,,,,,,,,,,,,,,,,,,,,,,,,,,,,,,,,,,,,,,,,,,,,,,,,,,,,,,,,,,,,,,,,,,,,,,,,,,,,,,,,,,,,,,,,,,,,,,,,,,,,,,,,,,,,,,,,,,,,,,,,,,,,,,,,,,,,,,,,,,,,,,,,,,,,,,,,,,,,,,,,,,,,,,,,,,,,,,,,,,,,,,,,,,,,,,,,,,,,,,,,,,,,,,,,,,,,,,,,,,,,,,,,,,,,,,,,,,,,,,,,,,,,,,,,,,,,,,,,,,,,,,,,,,,,,,,,,,,,,,,,,,,,,,,,,,,,,,,,,,,,,,,,,,,,,,,,,,,,,,,,,,,,,,,,,,,,,,,,,,,,,,,,,,,,,,,,,,,,,,,,,,,,,,,,,,,,,,,,,,,,,,,,,,,,,,,,,,,,,,,,,,,,,,,,,,,,,,,,,,,,,,,,,,,,,,,,,,,,,,,,,,,,,,,,,,,,,,,,,,,,,,,,,,,,,,,,,,,,,,,,,,,,,,,,,,,,,,,,,,,,,,,,,,,,,,,,,,,,,,,,,,,,,,,,,,,,,,,,,,,,,,,,,,,,,,,,,,,,0,1,0,1,0,1,0,0,1,0,1,0,1,0,0,,,,,,,,,,,,,,,
,-,Virgin Al Maryah Island Abudhabi,VAY,1,,,,,,,,,,,,,,,,,,,,,,,,,,,,,,,,,,,,,,,,,,,,,,,,,,,,,,,,,,,,,,,,,,,,,,,,,,,,,,,,,,,,,,,,,,,,,,,,,,,,,,,,,,,,,,,,,,,,,,,,,,,,,,,,,,,,,,,,,,,,,,,,,,,,,,,,,,,,,,,,,,,,,,,,,,,,,,,,,,,,,,,,,,,,,,,,,,,,,,,,,,,,,,,,,,,,,,,,,,,,,,,,,,,,,,,,,,,,,,,,,,,,,,,,,,,,,,,,,,,,,,,,,,,,,,,,,,,,,,,,,,,,,,,,,,,,,,,,,,,,,,,,,,,,,,,,,,,,,,,,,,,,,,,,,,,,,,,,,,,,,,,,,,,,,,,,,,,,,,,,,,,,,,,,,,,,,,,,,,,,,,,,,,,,,,,,,,,,,,,,,,,,,,,,,,,,,,,,,,,,,,,,,,,,,,,,,,,,,,,,,,,,,,,,,,,,,,,,,,,,,,,,,,,,,,,,,,,,,,,,,,,,,,,,,,,,,,,,,,,,,,,,,,,,,,,,,,,,,,,,,,,,,,,,,,,,,,,,,,,,,,,,,,,,,,,,,,,,,,,,,,,,,,,,,,,,,,,,,,,,,,,,,,,,,,,,,,,,,,,,,,,,,,,,,,,,,,,,,,,,,,,,,,,,,,,,,,,,,,,,,,,,,,,,,,,,,,,,,,,,,,,,,,,,,,,,,,,,,,,,,,,,,,,,,,,,,,,,,,,,,,,,,,,,,,,,,,,,,,,,,,,,,,,,,,,,,,,,,,,,,,,,,,,,,,,,,,,,,,,,,,,,,,,,,,,,,,,,,,,,,,,,,,,,,,,,,,,,,,,,,,,,,,,,,,,,,,,,,,,,,,,,,,,,,,,,,,,,,,,,,,,0,0,1,0,1,0,0,0,0,1,0,1,0,1,0,,,,,,,,,,,,,,,
,-,Virgin Reem Mall Abudhabi,VRM,1,,,,,,,,,,,,,,,,,,,,,,,,,,,,,,,,,,,,,,,,,,,,,,,,,,,,,,,,,,,,,,,,,,,,,,,,,,,,,,,,,,,,,,,,,,,,,,,,,,,,,,,,,,,,,,,,,,,,,,,,,,,,,,,,,,,,,,,,,,,,,,,,,,,,,,,,,,,,,,,,,,,,,,,,,,,,,,,,,,,,,,,,,,,,,,,,,,,,,,,,,,,,,,,,,,,,,,,,,,,,,,,,,,,,,,,,,,,,,,,,,,,,,,,,,,,,,,,,,,,,,,,,,,,,,,,,,,,,,,,,,,,,,,,,,,,,,,,,,,,,,,,,,,,,,,,,,,,,,,,,,,,,,,,,,,,,,,,,,,,,,,,,,,,,,,,,,,,,,,,,,,,,,,,,,,,,,,,,,,,,,,,,,,,,,,,,,,,,,,,,,,,,,,,,,,,,,,,,,,,,,,,,,,,,,,,,,,,,,,,,,,,,,,,,,,,,,,,,,,,,,,,,,,,,,,,,,,,,,,,,,,,,,,,,,,,,,,,,,,,,,,,,,,,,,,,,,,,,,,,,,,,,,,,,,,,,,,,,,,,,,,,,,,,,,,,,,,,,,,,,,,,,,,,,,,,,,,,,,,,,,,,,,,,,,,,,,,,,,,,,,,,,,,,,,,,,,,,,,,,,,,,,,,,,,,,,,,,,,,,,,,,,,,,,,,,,,,,,,,,,,,,,,,,,,,,,,,,,,,,,,,,,,,,,,,,,,,,,,,,,,,,,,,,,,,,,,,,,,,,,,,,,,,,,,,,,,,,,,,,,,,,,,,,,,,,,,,,,,,,,,,,,,,,,,,,,,,,,,,,,,,,,,,,,,,,,,,,,,,,,,,,,,,,,,,,,,,,,,,,,,,,,,,,,,,,,,,,,,,,,,,,0,0,0,0,0,0,1,0,0,0,0,0,0,0,0,,,,,,,,,,,,,,,
,-,Virgin Mirdif,VMF,1,,,,,,,,,,,,,,,,,,,,,,,,,,,,,,,,,,,,,,,,,,,,,,,,,,,,,,,,,,,,,,,,,,,,,,,,,,,,,,,,,,,,,,,,,,,,,,,,,,,,,,,,,,,,,,,,,,,,,,,,,,,,,,,,,,,,,,,,,,,,,,,,,,,,,,,,,,,,,,,,,,,,,,,,,,,,,,,,,,,,,,,,,,,,,,,,,,,,,,,,,,,,,,,,,,,,,,,,,,,,,,,,,,,,,,,,,,,,,,,,,,,,,,,,,,,,,,,,,,,,,,,,,,,,,,,,,,,,,,,,,,,,,,,,,,,,,,,,,,,,,,,,,,,,,,,,,,,,,,,,,,,,,,,,,,,,,,,,,,,,,,,,,,,,,,,,,,,,,,,,,,,,,,,,,,,,,,,,,,,,,,,,,,,,,,,,,,,,,,,,,,,,,,,,,,,,,,,,,,,,,,,,,,,,,,,,,,,,,,,,,,,,,,,,,,,,,,,,,,,,,,,,,,,,,,,,,,,,,,,,,,,,,,,,,,,,,,,,,,,,,,,,,,,,,,,,,,,,,,,,,,,,,,,,,,,,,,,,,,,,,,,,,,,,,,,,,,,,,,,,,,,,,,,,,,,,,,,,,,,,,,,,,,,,,,,,,,,,,,,,,,,,,,,,,,,,,,,,,,,,,,,,,,,,,,,,,,,,,,,,,,,,,,,,,,,,,,,,,,,,,,,,,,,,,,,,,,,,,,,,,,,,,,,,,,,,,,,,,,,,,,,,,,,,,,,,,,,,,,,,,,,,,,,,,,,,,,,,,,,,,,,,,,,,,,,,,,,,,,,,,,,,,,,,,,,,,,,,,,,,,,,,,,,,,,,,,,,,,,,,,,,,,,,,,,,,,,,,,,,,,,,,,,,,,,,,,,,,,,,,,,,0,0,0,0,0,0,0,0,0,0,0,0,0,0,0,,,,,,,,,,,,,,,
7,-,Virgin Dubai Marina,VMN,1,,,,,,,,,,,,,,,,,,,,,,,,,,,,,,,,,,,,,,,,,,,,,,,,,,,,,,,,,,,,,,,,,,,,,,,,,,,,,,,,,,,,,,,,,,,,,,,,,,,,,,,,,,,,,,,,,,,,,,,,,,,,,,,,,,,,,,,,,,,,,,,,,,,,,,,,,,,,,,,,,,,,,,,,,,,,,,,,,,,,,,,,,,,,,,,,,,,,,,,,,,,,,,,,,,,,,,,,,,,,,,,,,,,,,,,,,,,,,,,,,,,,,,,,,,,,,,,,,,,,,,,,,,,,,,,,,,,,,,,,,,,,,,,,,,,,,,,,,,,,,,,,,,,,,,,,,,,,,,,,,,,,,,,,,,,,,,,,,,,,,,,,,,,,,,,,,,,,,,,,,,,,,,,,,,,,,,,,,,,,,,,,,,,,,,,,,,,,,,,,,,,,,,,,,,,,,,,,,,,,,,,,,,,,,,,,,,,,,,,,,,,,,,,,,,,,,,,,,,,,,,,,,,,,,,,,,,,,,,,,,,,,,,,,,,,,,,,,,,,,,,,,,,,,,,,,,,,,,,,,,,,,,,,,,,,,,,,,,,,,,,,,,,,,,,,,,,,,,,,,,,,,,,,,,,,,,,,,,,,,,,,,,,,,,,,,,,,,,,,,,,,,,,,,,,,,,,,,,,,,,,,,,,,,,,,,,,,,,,,,,,,,,,,,,,,,,,,,,,,,,,,,,,,,,,,,,,,,,,,,,,,,,,,,,,,,,,,,,,,,,,,,,,,,,,,,,,,,,,,,,,,,,,,,,,,,,,,,,,,,,,,,,,,,,,,,,,,,,,,,,,,,,,,,,,,,,,,,,,,,,,,,,,,,,,,,,,,,,,,,,,,,,,,,,,,,,,,,,,,,,,,,,,,,,,,,,,,,,,,,,,,0,0,0,1,1,0,0,0,0,0,0,0,0,0,0,,,,,,,,,,,,,,,
2,-,Jashanmal Dubai Mall,JDM,1,,,,,,,,,,,,,,,,,,,,,,,,,,,,,,,,,,,,,,,,,,,,,,,,,,,,,,,,,,,,,,,,,,,,,,,,,,,,,,,,,,,,,,,,,,,,,,,,,,,,,,,,,,,,,,,,,,,,,,,,,,,,,,,,,,,,,,,,,,,,,,,,,,,,,,,,,,,,,,,,,,,,,,,,,,,,,,,,,,,,,,,,,,,,,,,,,,,,,,,,,,,,,,,,,,,,,,,,,,,,,,,,,,,,,,,,,,,,,,,,,,,,,,,,,,,,,,,,,,,,,,,,,,,,,,,,,,,,,,,,,,,,,,,,,,,,,,,,,,,,,,,,,,,,,,,,,,,,,,,,,,,,,,,,,,,,,,,,,,,,,,,,,,,,,,,,,,,,,,,,,,,,,,,,,,,,,,,,,,,,,,,,,,,,,,,,,,,,,,,,,,,,,,,,,,,,,,,,,,,,,,,,,,,,,,,,,,,,,,,,,,,,,,,,,,,,,,,,,,,,,,,,,,,,,,,,,,,,,,,,,,,,,,,,,,,,,,,,,,,,,,,,,,,,,,,,,,,,,,,,,,,,,,,,,,,,,,,,,,,,,,,,,,,,,,,,,,,,,,,,,,,,,,,,,,,,,,,,,,,,,,,,,,,,,,,,,,,,,,,,,,,,,,,,,,,,,,,,,,,,,,,,,,,,,,,,,,,,,,,,,,,,,,,,,,,,,,,,,,,,,,,,,,,,,,,,,,,,,,,,,,,,,,,,,,,,,,,,,,,,,,,,,,,,,,,,,,,,,,,,,,,,,,,,,,,,,,,,,,,,,,,,,,,,,,,,,,,,,,,,,,,,,,,,,,,,,,,,,,,,,,,,,,,,,,,,,,,,,,,,,,,,,,,,,,,,,,,,,,,,,,,,,,,,,,,,,,,,,,,,,,,1,0,0,1,1,1,1,1,1,1,1,1,1,1,0,,,,,,,,,,,,,,,
9,-,Jashanmal MOE,JME,1,,,,,,,,,,,,,,,,,,,,,,,,,,,,,,,,,,,,,,,,,,,,,,,,,,,,,,,,,,,,,,,,,,,,,,,,,,,,,,,,,,,,,,,,,,,,,,,,,,,,,,,,,,,,,,,,,,,,,,,,,,,,,,,,,,,,,,,,,,,,,,,,,,,,,,,,,,,,,,,,,,,,,,,,,,,,,,,,,,,,,,,,,,,,,,,,,,,,,,,,,,,,,,,,,,,,,,,,,,,,,,,,,,,,,,,,,,,,,,,,,,,,,,,,,,,,,,,,,,,,,,,,,,,,,,,,,,,,,,,,,,,,,,,,,,,,,,,,,,,,,,,,,,,,,,,,,,,,,,,,,,,,,,,,,,,,,,,,,,,,,,,,,,,,,,,,,,,,,,,,,,,,,,,,,,,,,,,,,,,,,,,,,,,,,,,,,,,,,,,,,,,,,,,,,,,,,,,,,,,,,,,,,,,,,,,,,,,,,,,,,,,,,,,,,,,,,,,,,,,,,,,,,,,,,,,,,,,,,,,,,,,,,,,,,,,,,,,,,,,,,,,,,,,,,,,,,,,,,,,,,,,,,,,,,,,,,,,,,,,,,,,,,,,,,,,,,,,,,,,,,,,,,,,,,,,,,,,,,,,,,,,,,,,,,,,,,,,,,,,,,,,,,,,,,,,,,,,,,,,,,,,,,,,,,,,,,,,,,,,,,,,,,,,,,,,,,,,,,,,,,,,,,,,,,,,,,,,,,,,,,,,,,,,,,,,,,,,,,,,,,,,,,,,,,,,,,,,,,,,,,,,,,,,,,,,,,,,,,,,,,,,,,,,,,,,,,,,,,,,,,,,,,,,,,,,,,,,,,,,,,,,,,,,,,,,,,,,,,,,,,,,,,,,,,,,,,,,,,,,,,,,,,,,,,,,,,,,,,,,,,,,1,1,1,0,1,0,0,1,1,1,1,1,0,0,0,,,,,,,,,,,,,,,
8,+10 AED,Jashanmal Dubai Hills,JDH,1,,,,,,,,,,,,,,,,,,,,,,,,,,,,,,,,,,,,,,,,,,,,,,,,,,,,,,,,,,,,,,,,,,,,,,,,,,,,,,,,,,,,,,,,,,,,,,,,,,,,,,,,,,,,,,,,,,,,,,,,,,,,,,,,,,,,,,,,,,,,,,,,,,,,,,,,,,,,,,,,,,,,,,,,,,,,,,,,,,,,,,,,,,,,,,,,,,,,,,,,,,,,,,,,,,,,,,,,,,,,,,,,,,,,,,,,,,,,,,,,,,,,,,,,,,,,,,,,,,,,,,,,,,,,,,,,,,,,,,,,,,,,,,,,,,,,,,,,,,,,,,,,,,,,,,,,,,,,,,,,,,,,,,,,,,,,,,,,,,,,,,,,,,,,,,,,,,,,,,,,,,,,,,,,,,,,,,,,,,,,,,,,,,,,,,,,,,,,,,,,,,,,,,,,,,,,,,,,,,,,,,,,,,,,,,,,,,,,,,,,,,,,,,,,,,,,,,,,,,,,,,,,,,,,,,,,,,,,,,,,,,,,,,,,,,,,,,,,,,,,,,,,,,,,,,,,,,,,,,,,,,,,,,,,,,,,,,,,,,,,,,,,,,,,,,,,,,,,,,,,,,,,,,,,,,,,,,,,,,,,,,,,,,,,,,,,,,,,,,,,,,,,,,,,,,,,,,,,,,,,,,,,,,,,,,,,,,,,,,,,,,,,,,,,,,,,,,,,,,,,,,,,,,,,,,,,,,,,,,,,,,,,,,,,,,,,,,,,,,,,,,,,,,,,,,,,,,,,,,,,,,,,,,,,,,,,,,,,,,,,,,,,,,,,,,,,,,,,,,,,,,,,,,,,,,,,,,,,,,,,,,,,,,,,,,,,,,,,,,,,,,,,,,,,,,,,,,,,,,,,,,,,,,,,,,,,,,,,,,,,,,,0,0,0,0,0,1,0,0,0,1,1,0,0,0,0,,,,,,,,,,,,,,,
,,Sharaf DG - Dubai Mall,SDM,,,,,,,,,,,,,,,,,,,,,,,,,,,,,,,,,,,,,,,,,,,,,,,,,,,,,,,,,,,,,,,,,,,,,,,,,,,,,,,,,,,,,,,,,,,,,,,,,,,,,,,,,,,,,,,,,,,,,,,,,,,,,,,,,,,,,,,,,,,,,,,,,,,,,,,,,,,,,,,,,,,,,,,,,,,,,,,,,,,,,,,,,,,,,,,,,,,,,,,,,,,,,,,,,,,,,,,,,,,,,,,,,,,,,,,,,,,,,,,,,,,,,,,,,,,,,,,,,,,,,,,,,,,,,,,,,,,,,,,,,,,,,,,,,,,,,,,,,,,,,,,,,,,,,,,,,,,,,,,,,,,,,,,,,,,,,,,,,,,,,,,,,,,,,,,,,,,,,,,,,,,,,,,,,,,,,,,,,,,,,,,,,,,,,,,,,,,,,,,,,,,,,,,,,,,,,,,,,,,,,,,,,,,,,,,,,,,,,,,,,,,,,,,,,,,,,,,,,,,,,,,,,,,,,,,,,,,,,,,,,,,,,,,,,,,,,,,,,,,,,,,,,,,,,,,,,,,,,,,,,,,,,,,,,,,,,,,,,,,,,,,,,,,,,,,,,,,,,,,,,,,,,,,,,,,,,,,,,,,,,,,,,,,,,,,,,,,,,,,,,,,,,,,,,,,,,,,,,,,,,,,,,,,,,,,,,,,,,,,,,,,,,,,,,,,,,,,,,,,,,,,,,,,,,,,,,,,,,,,,,,,,,,,,,,,,,,,,,,,,,,,,,,,,,,,,,,,,,,,,,,,,,,,,,,,,,,,,,,,,,,,,,,,,,,,,,,,,,,,,,,,,,,,,,,,,,,,,,,,,,,,,,,,,,,,,,,,,,,,,,,,,,,,,,,,,,,,,,,,,,,,,,,,,,,,,,,,,,,,,,,,,0,0,1,1,1,1,0,0,0,1,1,1,1,0,0,,,,,,,,,,,,,,,
4,,Borders - Dubai Mall,BDM,,,,,,,,,,,,,,,,,,,,,,,,,,,,,,,,,,,,,,,,,,,,,,,,,,,,,,,,,,,,,,,,,,,,,,,,,,,,,,,,,,,,,,,,,,,,,,,,,,,,,,,,,,,,,,,,,,,,,,,,,,,,,,,,,,,,,,,,,,,,,,,,,,,,,,,,,,,,,,,,,,,,,,,,,,,,,,,,,,,,,,,,,,,,,,,,,,,,,,,,,,,,,,,,,,,,,,,,,,,,,,,,,,,,,,,,,,,,,,,,,,,,,,,,,,,,,,,,,,,,,,,,,,,,,,,,,,,,,,,,,,,,,,,,,,,,,,,,,,,,,,,,,,,,,,,,,,,,,,,,,,,,,,,,,,,,,,,,,,,,,,,,,,,,,,,,,,,,,,,,,,,,,,,,,,,,,,,,,,,,,,,,,,,,,,,,,,,,,,,,,,,,,,,,,,,,,,,,,,,,,,,,,,,,,,,,,,,,,,,,,,,,,,,,,,,,,,,,,,,,,,,,,,,,,,,,,,,,,,,,,,,,,,,,,,,,,,,,,,,,,,,,,,,,,,,,,,,,,,,,,,,,,,,,,,,,,,,,,,,,,,,,,,,,,,,,,,,,,,,,,,,,,,,,,,,,,,,,,,,,,,,,,,,,,,,,,,,,,,,,,,,,,,,,,,,,,,,,,,,,,,,,,,,,,,,,,,,,,,,,,,,,,,,,,,,,,,,,,,,,,,,,,,,,,,,,,,,,,,,,,,,,,,,,,,,,,,,,,,,,,,,,,,,,,,,,,,,,,,,,,,,,,,,,,,,,,,,,,,,,,,,,,,,,,,,,,,,,,,,,,,,,,,,,,,,,,,,,,,,,,,,,,,,,,,,,,,,,,,,,,,,,,,,,,,,,,,,,,,,,,,,,,,,,,,,,,,,,,,,,,,,,1,0,0,1,1,1,1,1,0,0,1,1,1,1,1,,,,,,,,,,,,,,,
*6,,Hamleys - Dubai Mall,HDM,,,,,,,,,,,,,,,,,,,,,,,,,,,,,,,,,,,,,,,,,,,,,,,,,,,,,,,,,,,,,,,,,,,,,,,,,,,,,,,,,,,,,,,,,,,,,,,,,,,,,,,,,,,,,,,,,,,,,,,,,,,,,,,,,,,,,,,,,,,,,,,,,,,,,,,,,,,,,,,,,,,,,,,,,,,,,,,,,,,,,,,,,,,,,,,,,,,,,,,,,,,,,,,,,,,,,,,,,,,,,,,,,,,,,,,,,,,,,,,,,,,,,,,,,,,,,,,,,,,,,,,,,,,,,,,,,,,,,,,,,,,,,,,,,,,,,,,,,,,,,,,,,,,,,,,,,,,,,,,,,,,,,,,,,,,,,,,,,,,,,,,,,,,,,,,,,,,,,,,,,,,,,,,,,,,,,,,,,,,,,,,,,,,,,,,,,,,,,,,,,,,,,,,,,,,,,,,,,,,,,,,,,,,,,,,,,,,,,,,,,,,,,,,,,,,,,,,,,,,,,,,,,,,,,,,,,,,,,,,,,,,,,,,,,,,,,,,,,,,,,,,,,,,,,,,,,,,,,,,,,,,,,,,,,,,,,,,,,,,,,,,,,,,,,,,,,,,,,,,,,,,,,,,,,,,,,,,,,,,,,,,,,,,,,,,,,,,,,,,,,,,,,,,,,,,,,,,,,,,,,,,,,,,,,,,,,,,,,,,,,,,,,,,,,,,,,,,,,,,,,,,,,,,,,,,,,,,,,,,,,,,,,,,,,,,,,,,,,,,,,,,,,,,,,,,,,,,,,,,,,,,,,,,,,,,,,,,,,,,,,,,,,,,,,,,,,,,,,,,,,,,,,,,,,,,,,,,,,,,,,,,,,,,,,,,,,,,,,,,,,,,,,,,,,,,,,,,,,,,,,,,,,,,,,,,,,,,,,,,,,,,,,,,,,,,,,,,,,,,,,,,,,,,,,,,,,
,,,,,,,,,,,,,,,,,,,,,,,,,,,,,,,,,,,,,,,,,,,,,,,,,,,,,,,,,,,,,,,,,,,,,,,,,,,,,,,,,,,,,,,,,,,,,,,,,,,,,,,,,,,,,,,,,,,,,,,,,,,,,,,,,,,,,,,,,,,,,,,,,,,,,,,,,,,,,,,,,,,,,,,,,,,,,,,,,,,,,,,,,,,,,,,,,,,,,,,,,,,,,,,,,,,,,,,,,,,,,,,,,,,,,,,,,,,,,,,,,,,,,,,,,,,,,,,,,,,,,,,,,,,,,,,,,,,,,,,,,,,,,,,,,,,,,,,,,,,,,,,,,,,,,,,,,,,,,,,,,,,,,,,,,,,,,,,,,,,,,,,,,,,,,,,,,,,,,,,,,,,,,,,,,,,,,,,,,,,,,,,,,,,,,,,,,,,,,,,,,,,,,,,,,,,,,,,,,,,,,,,,,,,,,,,,,,,,,,,,,,,,,,,,,,,,,,,,,,,,,,,,,,,,,,,,,,,,,,,,,,,,,,,,,,,,,,,,,,,,,,,,,,,,,,,,,,,,,,,,,,,,,,,,,,,,,,,,,,,,,,,,,,,,,,,,,,,,,,,,,,,,,,,,,,,,,,,,,,,,,,,,,,,,,,,,,,,,,,,,,,,,,,,,,,,,,,,,,,,,,,,,,,,,,,,,,,,,,,,,,,,,,,,,,,,,,,,,,,,,,,,,,,,,,,,,,,,,,,,,,,,,,,,,,,,,,,,,,,,,,,,,,,,,,,,,,,,,,,,,,,,,,,,,,,,,,,,,,,,,,,,,,,,,,,,,,,,,,,,,,,,,,,,,,,,,,,,,,,,,,,,,,,,,,,,,,,,,,,,,,,,,,,,,,,,,,,,,,,,,,,,,,,,,,,,,,,,,,,,,,,,,,,,,,,,,,,,,,,,,,,,,,,,,,,,,,,,,
,,Team,Shift,Off,Point,FALSE,,,,,,,,,,,,,,,,,,,,,,,,,,,,,,,,,,,,,,,,,,,,,,,,,,,,,,,,,,,,,,,,,,,,,,,,,,,,,,,,,,,,,,,,,,,,,,,,,,,,,,,,,,,,,,,,,,,,,,,,,,,,,,,,,,,,,,,,,,,,,,,,,,,,,,,,,,,,,,,,,,,,,,,,,,,,,,,,,,,,,,,,,,,,,,,,,,,,,,,,,,,,,,,,,,,,,,,,,,,,,,,,,,,,,,,,,,,,,,,,,,,,,,,,,,,,,,,,,,,,,,,,,,,,,,,,,,,,,,,,,,,,,,,,,,,,,,,,,,,,,,,,,,,,,,,,,,,,,,,,,,,,,,,,,,,,,,,,,,,,,,,,,,,,,,,,,,,,,,,,,,,,,,,,,,,,,,,,,,,,,,,,,,,,,,,,,,,,,,EID,EID,EID,,,,,,,,,,,,,,,,,,,,,,,,,,,,,,,,,,,,,,,,,,,,,,,,,,,,,,,,,,,,,,,,,EID,EID,EID,EID,,,,,,,,,,,,,,,,,,,Hijri New Year,,,,,,,,,,,,,,,,,,,,,,,,,,,,,,,,,,,,,,,,,,,,,,,,,,,,,,,,,,,,,,,,,,,,,,,,,,,,,,,,,,,,,,,,,,,,,,,,,,,,,,,,,,,,,,,,,,,,,,,,,,,,,,,,,,,,,,,,,,,,,,,,,,,,,,,,,,,,,,,,,,,,,,,,,,,,,,,,,,,,,,,,,,,,,,,,,,,,,,,,,,,,,,,,,,,,,,,,,,,,,,,,,,,,,,,,,,,,RAMADAN [6h + 1h break),,,,,,,,,,Note: สงครามเริ่ม,,,,,,,,,,,,,,,,,,,,EID,,,,,,,,,,,,,,,,,,,,,,,,,,,,,,,,,,,,,,,,,,,,,,,,,,,,,,,,,,,,,,,,,,,,EID Al Adha,,,,,,,,,,,,,,,,,,,Islamic New Year,,,,,,,,,,,,,,,,,,,,,,,,,,,,,,
,Tammy Bo,MOE,"Sat, Sun",,,FALSE,VDM 11.00-20.00,VDM 14.00-22.00,VDM 14.00-22.00,,,VDM 11.00-20.00,VME 11.00-20.00,Off,Off,VME 13.00-22.00,VME 13.00-22.00,VME 13.00-22.00,VME 13.00-22.00,VME 13.00-22.00,Off,,VME 13.00-22.00,VME 13.00-22.00,VME 13.00-22.00,VME 13.00-22.00,VME 13.00-22.00,Off,Off,VME 13.00-22.00,VME 13.00-22.00,VME 13.00-22.00,VME 13.00-22.00,VME 13.00-22.00,Off,Off,VME 13.00-22.00,VME 13.00-22.00,VME 13.00-22.00,VME 13.00-22.00,VDM 14.00-23.00,Off,Off,VME 13.00-22.00,VME 13.00-22.00,VME 13.00-22.00,VMN 13.00-22.00,VDM 13.00-22.00,Off,Off,VMN 13.00-22.00,VME 14.00-23.00,VME 14.00-23.00,VME 14.00-23.00,VME 13.00-22.00,Off,Off,VDM 14.00-23.00,Off,VDM 10.00-19.00,VDM 14.00-23.00,Off,Off,VME 14.00-23.00,VME 14.00-23.00,VME 14.00-23.00,VME 14.00-23.00,VME 14.00-23.00,AIR 14.00-23.00,Off,Off,VDM 14.00-23.00,VDM 14.00-23.00,VDM 14.00-23.00,VDM 14.00-23.00,VDM 13.00-22.00,Off,Off,VME 14.00-23.00,VDM 13.00-22.00,VDM 10.00-19.00,VDM 13.00-22.00,VDM 13.00-22.00,Off,Off,Off,VDM 19.00-23.00,VDM 13.00-22.00,VDM 13.00-22.00,JDM 13:00-22:00,JDM 13:00-22:00,Off,Off,VDM 19.00-23.00,VDM 13.00-22.00,VDM 13.00-22.00,AIR 09.00-18.00,AIR 09.00-18.00,Off,Off,JDM 10.00-19.00,JDM 14:00-23:00,JDM 14:00-23:00,Off,Off,AIR 09.00-18.00,AIR 09.00-18.00,AIR 14.00-23.00,SL,VDM 14.00-23.00,Off,VME 15.00-00.00,VME 15.00-00.00,VME 15.00-00.00,Off,VME 15.00-00.00,VME 15.00-00.00,VME 15.00-00.00,VME 15.00-00.00,Off,Off,VME 17:00-00:00,VME 15.00-00.00,VME 15.00-00.00,Off,Off,VME 15.00-00.00,VME 15.00-00.00,VME 17:00-00:00,VME 15.00-00.00,VME 15.00-00.00,Off,Off,VDM 13.30-22.30,VDM 13.30-22.30,VDM 17.00-23.00,VDM 13.30-22.30,VDM 13.30-22.30,Off,VDM 10.00-19.00,VDM 15.00-00.00,Off,SL,VDM 15.00-00.00,VDM 15.00-00.00,Off,Off,AIR 10.00-19.00,AIR 09.00-18.00,VDM 18.00-00.00,VDM 15.00-00.00,VDM 15.00-00.00,Off,Off,AIR 09.00-18.00,AIR 09.00-18.00,SL,VDM 15.00-00.00,VDM 15.00-00.00,Off,Off,VDM 15.00-00.00,Off,VDM 15.00-00.00,VDM 15.00-00.00,VDM 15.00-00.00,Off,Off,VDM 15.00-00.00,VDM 14.00-23.00,VDM 15.00-00.00,VDM 15.00-00.00,VDM 15.00-00.00,Off,Off,VDM 15.00-00.00,VDM 13.00-22.00,Off,VDM 15.00-00.00,VDM 15.00-00.00,Off,Off,VDM 15.00-00.00,SDM 15:00-00:00,Off,VDM 15.00-00.00,VDM 15.00-00.00,Off,Off,AIR 09.00-18.00,AIR 09.00-18.00,Off,VDM 15.00-00.00,VDM 15.00-00.00,Off,Off,VDM 15.00-00.00,VDM 15.00-00.00,VDM 15.00-00.00,JME 10:00-18:00,VDM 15.00-00.00,Off,Off,AIR 10.00-19.00,Off,Off,JDM 15:00-21:00,VDM 10.00-16.00,AIR 09.00-18.00,AIR 10.00-19.00,,,,,,,,,,,,,,,,,,,,AIR,AIR,AIR,Off,AIR,VME 10.00-19.00,VME 10.00-19.00,AIR,AIR,Off,Off,AIR,VME 10.00-19.00,VME 10.00-19.00,AIR,AIR,Off,Off,AIR,AIR,AIR,AIR,AIR,Off,Off,Off,Off,Off,Off,Off,Off,Off,Off,Off,Off,Off,Off,AIR,AIR,AIR,Off,Off,AIR,AIR,AIR,AIR,AIR,Off,Off,AIR,AIR,AIR,AIR,AIR,Off,Off,AIR,AIR,AIR,AIR,AIR,Off,Off,AIR,AIR,AIR,AIR,AIR,Off,Off,AIR,AIR,AIR,AIR,AIR,Off,Off,AIR,AIR,AIR,AIR,AIR,Off,Off,AIR,AIR,,,,,,,,,,,,,,,,AIR,AIR,Off,Off,AIR,AIR,AIR,AIR,AIR,Off,Off,AIR,AIR,AIR,AIR,AIR,,,,,,,,,,,,,,,,,,,,,,,,,,,,,Off,Off,,,,,,Off,Off,,,,,,Off,Off,AIR,AIR,AIR,AIR,AIR,Off,Off,AIR,AIR,AIR,Off,AIR,VDM 10.00-17.00,VME 11.00-20.00,VME 10.00-19.00,VME 10.00-19.00,VME 10.00-19.00,AIR,AIR,Off,Off,AIR,AIR,AIR,AIR,AIR,Off,Off,AIR,AIR,AIR,AIR,AIR,Off,Off,AIR,AIR,AIR,AIR,AIR,Off,Off,AIR,AIR,AIR,AIR,AIR,Off,Off,AIR,AIR,AIR,AIR,AIR,Off,Off,AIR,AIR,VDM 11.00-20.00,AIR,AIR,Off,Off,AIR,AIR,AIR,AIR,AIR,Off,Off,AIR,AIR,SL,AIR,AIR,Off,Off,AIR,AIR,Off,AIR,HDM 10:00-19:00,JDM 10.00-19.00,JDM 10.00-19.00,Off,Off,AIR,AIR,AIR,Off,Off,AIR,AIR,AIR,AIR,AIR,Off,Off,AIR,AIR,AIR,AIR,AIR,Off,Off,AIR,,,,,,,,,,,,,,,,,,,,,,,,,,,,,,,,,,,,,,,,,,,,,,,,,,,,,,,,,,,,,,,,,,,,,,,,,,,,,,,,,,,,,,,,,,,,,,,,,,,,,,,,,,,,,,,,,,,,,,,,,,,,,,,,,,,,,,,,,,,,,,,,,,,,,,,,,,,,,,,,,,,,,,,,,,,,,,,,,,,,,,,,,,,,,,,,,,,,,,,,,,,,,,,,,,,,,,,,,,,,,,,,,,,,,,,,,,,,,,,,,,,,,,,,,,,,,,,,,,,,,,,,,,,,,,,,,,,,,,,,,,,,,,,,,,,,,,,,,,,,,,,,,,,,,,,,,,,,,,,,,,,,,,,,,,,,,,,,,,,,,,,,,,,,,,,,,,,,,,,,,,,,,,,,,,,,,,,,,,,,
,Mint Ch,Dubai internet city,wed,,,FALSE,VDM 13.00-22.00,VDM 13.00-22.00,VDM 13.00-22.00,VDM 13.00-22.00,VDM 11.00-20.00,,VDM 13.00-22.00,VDM 13.00-22.00,VDM 13.00-22.00,VDM 13.00-22.00,VDM 13.00-22.00,Off,VDM 11.00-22.00,VDM 13.00-22.00,VME 13.00-22.00,VME 15.00-22.00,VDM 15.00-22.00,Off,VMN 15.00-00.00,VMN 13.00-22.00,Off,VME 15.00-22.00,VME 15.00-22.00,VDM 15.00-22.00,VDM 14.00-23.00,VMN 14.00-23.00,VMN 13.00-22.00,Off,VME 15.00-22.00,VME 15.00-22.00,VDM 15.00-22.00,VMN 14.00-23.00,Off,VDM 14.00-23.00,Off,VDM 15.00-22.00,VME 15.00-22.00,VDM 15.00-22.00,VDM 14.00-23.00,VDM 14.00-23.00,VME 14.00-23.00,Off,VME 14.00-23.00,VME 14.00-23.00,VDM 14.00-23.00,VDM 14.00-23.00,VDM 14.00-23.00,VDM 14.00-23.00,VDM 14.00-23.00,VDM 14.00-23.00,Off,VMN 13.00-22.00,VMN 13.00-22.00,VMN 14.00-23.00,VME 14.00-23.00,VME 14.00-23.00,VMN 13.00-22.00,VMN 13.00-22.00,Off,VMN 13.00-22.00,VMN 13.00-22.00,VMN 13.00-22.00,VDM 13.00-22.00,VDM 13.00-22.00,Off,VME 14.00-23.00,VMN 14.00-23.00,VME 10.00-19.00,VMN 13.00-22.00,VME 14.00-23.00,VME 14.00-23.00,Off,VMN 13.00-22.00,VMN 14.00-23.00,VMN 14.00-23.00,VMN 13.00-22.00,VME 14.00-23.00,VME 14.00-23.00,Off,VDM 13.00-22.00,JME 14:00-23:00,JME 14:00-23:00,JME 14:00-23:00,VDM 14.00-23.00,Off,Off,VDM 14.00-23.00,VDM 13.00-22.00,JDM 14:00-23:00,JDM 14:00-23:00,VDM 14.00-23.00,JDM 14:00-23:00,Off,SL,VDM 14.00-23.00,VDM 14.00-23.00,VDM 14.00-23.00,VDM 14.00-23.00,VDM 14.00-23.00,VDM 14.00-23.00,VME 14.00-23.00,VME 14.00-23.00,Off,Off,VMN 16.00-22.00,VMN 16.00-22.00,VMN 16.00-22.00,VMN 16.00-22.00,VMN 16.00-22.00,,,,,,,,,,,,,,,,,,,,,,,,,,,,,,,,,,,,,,,,,,,,,,,,,,,,,,,,,,,,,,,,,,,,,,,,,,,,,,,,,,,,,,,,,,,,,,,,,,,,,,,,,,,,,,,,,,,,,,,,,,,,,,,,,,,,,,,,,,,,,,,,,,,,,,,,,,,,,,,,,,,,,,,,,,,,,,,,,,,,,,,,,,,,,,,,,,,,,,,,,,,,,,,,,,,,,,,,,,,,,,,,,,,,,,,,,,,,,,,,,,,,,,,,,,,,,,,,,,,,,,,,,,,,,,,,,,,,,,,,,,,,,,,,,,,,,,,,,,,,,,,,,,,,,,,,,,,,,,,,,,,,,,,,,,,,,,,,,,,,,,,,,,,,,,,,,,,,,,,,,,,,,,,,,,,,,,,,,,,,,,,,,,,,,,,,,,,,,,,,,,,,,,,,,,,,,,,,,,,,,,,,,,,,,,,,,,,,,,,,,,,,,,,,,,,,,,,,,,,,,,,,,,,,,,,,,,,,,,,,,,,,,,,,,,,,,,,,,,,,,,,,,,,,,,,,,,,,,,,,,,,,,,,,,,,,,,,,,,,,,,,,,,,,,,,,,,,,,,,,,,,,,,,,,,,,,,,,,,,,,,,,,,,,,,,,,,,,,,,,,,,,,,,,,,,,,,,,,,,,,,,,,,,,,,,,,,,,,,,,,,,,,,,,,,,,,,,,,,,,,,,,,,,,,,,,,,,,,,,,,,,,,,,,,,,,,,,,,,,,,,,,,,,,,,,,,,,,,,,,,,,,,,,,,,,,,,,,,,,,,,,,,,,,,,,,,,,,,,,,,
,Shimul,"Al khail gate, เรียนจันทร์, อังคาร",Mon,0,,FALSE,,,,,VDM 13.00-22.00,VDM 13.00-22.00,VDM 13.00-22.00,VME 13.00-22.00,VME 13.00-22.00,Off,VDM 17.00-23.00,VDM 13.00-22.00,VDH 13.00-22.00,VDH 13.00-22.00,VDM 15.00-22.00,VDM 15.00-22.00,Off,VDM 15.00-22.00,VDH 15.00-22.00,VDH 16.00-23.00,VDH 16.00-23.00,VDH 16.00-23.00,VDH 16.00-23.00,Off,VDH 16.00-23.00,VDH 16.00-23.00,VDH 16.00-23.00,VDH 16.00-23.00,VDH 16.00-23.00,VDH 16.00-23.00,Off,VDH 16.00-23.00,VDH 16.00-23.00,VDH 16.00-23.00,SL,VDH 16.00-23.00,VDM 16.00-23.00,Off,VMN 16.00-23.00,VMN 16.00-23.00,VDH 16.00-23.00,VDH 16.00-23.00,VDH 16.00-23.00,Off,Off,VMN 13.00-22.00,VMN 14.00-23.00,VMN 14.00-23.00,Off,Off,Off,VDH 14.00-23.00,VDH 15.00-23.00,VDM 14.00-23.00,VDM 14.00-23.00,Off,VDM 14.00-23.00,VDM 14.00-23.00,VDM 14.00-23.00,VDM 14.00-23.00,VDM 14.00-23.00,VDM 14.00-23.00,Off,VDH 15.00-24.00,VDH 15.00-00.00,VDH 15.00-00.00,VDH 15.00-00.00,VDH 15.00-00.00,VDH 15.00-00.00,Off,VDM 14.00-23.00,VME 14.00-23.00,VDH 15.00-00.00,VDH 15.00-00.00,VDH 15.00-00.00,VDH 15.00-00.00,Off,VDM 14.00-23.00,VME 14.00-23.00,VME 14.00-23.00,VME 15.00-00.00,SL,SL,Off,VME 14.00-23.00,VME 14.00-23.00,VME 14.00-23.00,VME 15.00-00.00,VME 15.00-00.00,VME 13.00-22.00,Off,VDM 14.00-23.00,VDM 14.00-23.00,VDM 14.00-23.00,VME 13.00-22.00,VME 15.00-00.00,VME 14.00-23.00,Off,Off,JDM 14:00-23:00,VDM 14.00-23.00,VDM 15.00-00.00,VME 14.00-23.00,SL,Off,SL,SL,VDM 13.30-22.30,VDM 13.30-22.30,VDM 13.30-22.30,LOP,VDM 13.30-22.30,VDM 13.30-22.30,Off,VDM 13.30-22.30,VDM 13.30-22.30,VDM 13.30-22.30,LOP,Off,VDM 14.00-23.00,VDM 13.30-22.30,VDM 13.30-22.30,VMN 13.00-22.00,VDM 14.00-23.00,VDM 14.00-23.00,Off,Off,Off,,,,,,,,,,,,,,,,,,,,,,,,,,,,,,,,,,,,,,,,,,,,,,,,,,,,,,,,,,,,,,,,,,,,,,,,,,,,,,,,,,,,,,,,,,,,,,,,,,,,,,,,,,,,,,,,,,,,,,,,,,,,,,,,,,,,,,,,,,,,,,,,,,,,,,,,,,,,,,,,,,,,,,,,,,,,,,,,,,,,,,,,,,,,,,,,,,,,,,,,,,,,,,,,,,,,,,,,,,,,,,,,,,,,,,,,,,,,,,,,,,,,,,,,,,,,,,,,,,,,,,,,,,,,,,,,,,,,,,,,,,,,,,,,,,,,,,,,,,,,,,,,,,,,,,,,,,,,,,,,,,,,,,,,,,,,,,,,,,,,,,,,,,,,,,,,,,,,,,,,,,,,,,,,,,,,,,,,,,,,,,,,,,,,,,,,,,,,,,,,,,,,,,,,,,,,,,,,,,,,,,,,,,,,,,,,,,,,,,,,,,,,,,,,,,,,,,,,,,,,,,,,,,,,,,,,,,,,,,,,,,,,,,,,,,,,,,,,,,,,,,,,,,,,,,,,,,,,,,,,,,,,,,,,,,,,,,,,,,,,,,,,,,,,,,,,,,,,,,,,,,,,,,,,,,,,,,,,,,,,,,,,,,,,,,,,,,,,,,,,,,,,,,,,,,,,,,,,,,,,,,,,,,,,,,,,,,,,,,,,,,,,,,,,,,,,,,,,,,,,,,,,,,,,,,,,,,,,,,,,,,,,,,,,,,,,,,,,,,,,,,,,,,,,,,,,,,,,,,,,,,,,,,,,,,,,,,,,,,,,,,
,Artharva,Al khail gate,"Mon, Tue",,,FALSE,,,,,,,,,,,,,,,,,Off,VME 13.00-22.00,VDM 13.00-22.00,VDM 14.00-23.00,VDM 14.00-23.00,VDM 14.00-23.00,VDM 14.00-23.00,Off,VMN 15.00-23.00,VDM 15.00-23.00,VDM 15.00-23.00,VDM 15.00-23.00,VDM 15.00-23.00,VDM 15.00-23.00,Off,VDM 15.00-23.00,VDM 15.00-23.00,Off,Off,VME 14.00-23.00,SL,VDH 14.00-23.00,VDH 14.00-23.00,VDH 14.00-23.00,VDM 14.00-23.00,VME 14.00-23.00,VDM 14.00-23.00,Off,VDH 14.00-23.00,VDH 14.00-23.00,VDH 14.00-23.00,VDH 14.00-23.00,Off,Off,Off,Off,VDM 14.00-23.00,VDH 14.00-23.00,VDH 14.00-23.00,VDH 14.00-23.00,VDH 14.00-23.00,Off,VDH 14.00-23.00,VDH 14.00-23.00,VDH 11.00-20.00,VDH 11.00-20.00,VDM 14.00-23.00,Off,VME 15.00-00.00,Off,Off,VME 15.00-00.00,VME 15.00-00.00,Off,VDH 15.00-00.00,VDM 14.00-23.00,VDM 14.00-23.00,VME 14.00-23.00,VME 10.00-19.00,VME 14.00-23.00,Off,Off,VDH 15.00-00.00,VDH 15.00-00.00,JDM 15:00-00:00,JDM 15:00-00:00,JDM 15:00-00:00,Off,Off,LOP,LOP,VDH 15.00-00.00,VDH 15.00-00.00,VDH 15.00-00.00,Off,Off,LOP,VME 15.00-00.00,VDH 15.00-00.00,LOP,LOP,VDH 15.00-00.00,VDH 15.00-00.00,VDH 15.00-00.00,VDH 15.00-00.00,VDH 15.00-00.00,LOP,VDH 15.00-00.00,Off,VDH 15.00-00.00,LOP,VDH 15.00-00.00,VDH 15.00-00.00,VDH 16:00-01:00,VDH 16:00-01:00,VDH 16:00-01:00,VDH 16:00-01:00,Off,VDH 15.00-00.00,VDH 15.00-00.00,SL,VDH 13.00-22.00,Off,VDH 15.00-00.00,VDH 13.00-22.00,VDH 13.00-22.00,VDH 13.00-22.00,VDH 13.00-22.00,VDH 15.00-00.00,,,,,,,,,,,,,,,,,,,,,,,,,,,,,,,,,,,,,,,,,,,,,,,,,,,,,,,,,,,,,,,,,,,,,,,,,,,,,,,,,,,,,,,,,,,,,,,,,,,,,,,,,,,,,,,,,,,,,,,,,,,,,,,,,,,,,,,,,,,,,,,,,,,,,,,,,,,,,,,,,,,,,,,,,,,,,,,,,,,,,,,,,,,,,,,,,,,,,,,,,,,,,,,,,,,,,,,,,,,,,,,,,,,,,,,,,,,,,,,,,,,,,,,,,,,,,,,,,,,,,,,,,,,,,,,,,,,,,,,,,,,,,,,,,,,,,,,,,,,,,,,,,,,,,,,,,,,,,,,,,,,,,,,,,,,,,,,,,,,,,,,,,,,,,,,,,,,,,,,,,,,,,,,,,,,,,,,,,,,,,,,,,,,,,,,,,,,,,,,,,,,,,,,,,,,,,,,,,,,,,,,,,,,,,,,,,,,,,,,,,,,,,,,,,,,,,,,,,,,,,,,,,,,,,,,,,,,,,,,,,,,,,,,,,,,,,,,,,,,,,,,,,,,,,,,,,,,,,,,,,,,,,,,,,,,,,,,,,,,,,,,,,,,,,,,,,,,,,,,,,,,,,,,,,,,,,,,,,,,,,,,,,,,,,,,,,,,,,,,,,,,,,,,,,,,,,,,,,,,,,,,,,,,,,,,,,,,,,,,,,,,,,,,,,,,,,,,,,,,,,,,,,,,,,,,,,,,,,,,,,,,,,,,,,,,,,,,,,,,,,,,,,,,,,,,,,,,,,,,,,,,,,,,,,,,,,,,,,,,,,,,,,
,Tiwter,Marina,,,,FALSE,,,,,,,,,,,,,,,,,,,,,,,,,,VDM 14.00-23.00,,,,,,,VMN 14.00-23.00,,,,,,,VDM 10.00-19.00,,,,,,,VDM 10.00-19.00,,,,Off,,,,,,,,,,VME 10.00-19.00,,VMN 13.00-22.00,,,,,VMN 14.00-23.00,,,,,,,VME 14.00-23.00,,,,,,,VME 14.00-23.00,,,,,,,VMN 14.00-23.00,,,,,,,VMN 14.00-23.00,,,,,,,VMN 14.00-23.00,,,,,,,VMN 14.00-23.00,,VMN 13.00-22.00,VMN 13.00-22.00,,,,Off,,,,,,,Off,,,,,,,VNK 13:00-22:00,,,,,,,VNK 12:30-21:30,,,,,,,SL,,,,,,,VME 10.00-19.00,,,,,,,SL,,,,,,,VMN 14.00-23.00,,,,,,,,,,,,,,,,,,,,,,,,,,,,,,,,,,,,,,,,,,,,,,,,,,,,,,,,,,,,,,,,,,,,,,,,,,,,,,,,,,,,,,,,,,,,,,,,,,,,,,,,,,,,,,,,,,,,,,,,,,,,,,,,,,,,,,,,,,,,,,,,,,,,,,,,,,,,,,,,,,,,,,,,,,,,,,,,,,,,,,,,,,,,,,,,,,,,,,,,,,,,,,,,,,,,,,,,,,,,,,,,,,,,,,,,,,,,,,,,,,,,,,,,,,,,,,,,,,,,,,,,,,,,,,,,,,,,,,,,,,,,,,,,,,,,,,,,,,,,,,,,,,,,,,,,,,,,,,,,,,,,,,,,,,,,,,,,,,,,,,,,,,,,,,,,,,,,,,,,,,,,,,,,,,,,,,,,,,,,,,,,,,,,,,,,,,,,,,,,,,,,,,,,,,,,,,,,,,,,,,,,,,,,,,,,,,,,,,,,,,,,,,,,,,,,,,,,,,,,,,,,,,,,,,,,,,,,,,,,,,,,,,,,,,,,,,,,,,,,,,,,,,,,,,,,,,,,,,,,,,,,,,,,,,,,,,,,,,,,,,,,,,,,,,,,,,,,,,,,,,,,,,,,,,,,,,,,,,,,,,,,,,,,,,,,,,,,,,,,,,,,,,,,,,,,,,,,,,,,,,,,,,,,,,,,,,,,,,,,,,,,,,,,,,,,,,,,,,,,,,,,,,,,,,,,,,,,,,,,,,,,,,,,,,,,,,,,,,,,,,,,
,Punpun,MOE,Sat,0,,FALSE,,,,,,,,,,,,,,,,,,,,,,,,,,,,,,,,,,,,,,,,,VDM 10.00-19.00,VDM 10.00-19.00,VMN 13.00-22.00,VMN 13.00-22.00,VME 13.00-22.00,VDM 10.00-19.00,VME 10.00-19.00,VDM 10.00-19.00,VMN 13.00-22.00,VMN 13.00-22.00,Off,VDM 14.00-23.00,VDM 14.00-23.00,VDM 14.00-23.00,VMN 13.00-22.00,VDM 14.00-23.00,VME 14.00-23.00,Off,VMN 13.00-22.00,VDM 14.00-23.00,VDM 10.00-19.00,VDM 10.00-19.00,VME 13.00-22.00,VME 13.00-22.00,VDM 13.00-22.00,Off,VDM 10.00-19.00,VDM 10.00-19.00,VDM 10.00-19.00,VMN 13.00-22.00,VMN 13.00-22.00,VMN 13.00-22.00,Off,VDM 10.00-19.00,VDM 14.00-23.00,VDM 10.00-19.00,VMN 13.00-22.00,VMN 13.00-22.00,VDM 14.00-23.00,Off,VDM 10.00-19.00,VDM 10.00-19.00,VME 14.00-23.00,VME 14.00-23.00,VDM 14.00-23.00,VDM 14.00-23.00,Off,VMN 14.00-23.00,VDM 10.00-19.00,VMN 13.00-22.00,VME 14.00-23.00,VME 14.00-23.00,VME 14.00-23.00,Off,VMN 14.00-23.00,JME 14:00-23:00,SL,VME 13.00-22.00,VME 14.00-23.00,VME 14.00-23.00,Off,LOP,VDM 14.00-23.00,LOP,VDM 14.00-23.00,VDM 14.00-23.00,VDM 13.00-22.00,Off,JDM 13:30-22:30,JDM 13:30-22:30,VDM 14.00-23.00,JME 13:30-22:30,JME 13:30-22:30,VDM 15.00-00.00,Off,JME 13:30-22:30,SL,JME 13:30-22:30,VDM 13.30-22.30,JME 13:30-22:30,SL,Off,VDM 13.30-22.30,VDM 13.00-22.00,VDM 13.00-22.00,VDM 13.30-22.30,VDM 13.30-22.30,JME 13:30-22:30,Off,JDM 13:30-22:30,JDM 13:30-22:30,SL,SL,VDM 13.30-22.30,JME 13:30-22:30,Off,JME 13:30-22:30,JME 13:30-22:30,VDM 10.00-19.00,LOP,AIR 11.00-20.00,VDM 15.00-00.00,Off,VDH 14.00-23.00,VDH 14.00-23.00,VDH 14.00-23.00,VDM 15.00-00.00,AIR 11.00-20.00,AIR 09.00-18.00,Off,VDH 14.00-23.00,VDH 14.00-23.00,VDH 14.00-23.00,LOP,AIR 11.00-20.00,AIR 09.00-18.00,AIR,AIR,SL,Off,AIR,AIR,AIR,SL,AIR,JDH 13:00-22:00,Off,AIR,AIR,AIR,AIR,SL,SL,Off,AIR,AIR,AIR,AIR,AIR 09.00-18.00,Off,AIR 09.00-18.00,AIR 09.00-18.00,AIR 09.00-18.00,AIR 09.00-18.00,AIR 09.00-18.00,AIR 09.00-18.00,Off,AIR 09.00-18.00,AIR 09.00-18.00,SL,AIR 09.00-18.00,AIR 09.00-18.00,AIR 09.00-18.00,Off,AIR 09.00-18.00,AIR 09.00-18.00,SL,SL,SL,SL,Off,AIR 09.00-18.00,AIR 09.00-18.00,,,,,,,,,,,,,,,,,,,,,,,,,,,,,,,,,,,,,,,,,,,,,,,,,,,,,,,,,,,,,,,,,,,,,,,,,,,,,,,,,,,,,,,,,,,,,,,,,,,,,,,,,,,,,,,,,,,,,,,,,,,,,,,,,,,,,,,,,,,,,,,,,,,,,,,,,,,,,,,,,,,,,,,,,,,,,,,,,,,,,,,,,,,,,,,,,,,,,,,,,,,,,,,,,,,,,,,,,,,,,,,,,,,,,,,,,,,,,,,,,,,,,,,,,,,,,,,,,,,,,,,,,,,,,,,,,,,,,,,,,,,,,,,,,,,,,,,,,,,,,,,,,,,,,,,,,,,,,,,,,,,,,,,,,,,,,,,,,,,,,,,,,,,,,,,,,,,,,,,,,,,,,,,,,,,,,,,,,,,,,,,,,,,,,,,,,,,,,,,,,,,,,,,,,,,,,,,,,,,,,,,,,,,,,,,,,,,,,,,,,,,,,,,,,,,,,,,,,,,,,,,,,,,,,,,,,,,,,,,,,,,,,,,,,,,,,,,,,,,,,,,,,,,,,,,,,,,,,,,,,,,,,,,,,,,,,,,,,,,,,,,,,,,,,,,,,,,,,,,,,,,,,,,,,,,,,,,,,,,,,,,,,,,,,,,,,,,,,,,,,,,,,,,,,,,,,,,,,,,,,,,,,,,,,,,,,,,,,,,,,,,,,,,,,,,,,,,,,,,,,,,,,,,
,Mostafa MO,Abu dhabi,Mon,0,,FALSE,,,,,,,,,,,,,,,,,,,,,,,,,,,,,,,,,,,,,,,,,,,,,,,,,,,,,,,,,,VYM 13.00-22.00,VYM 13.00-22.00,VYM 13.00-22.00,VYM 13.00-22.00,VYM 13.00-22.00,Off,VYM 14.00-23.00,VYM 14.00-23.00,VYM 14.00-23.00,VYM 14.00-23.00,VYM 14.00-23.00,VYM 14.00-23.00,Off,VYM 10.00-19.00,VYM 10.00-19.00,VYM 10.00-19.00,VYM 10.00-19.00,VYM 10.00-19.00,VYM 10.00-19.00,VYM 10.00-19.00,VYM 10.00-19.00,,,,,,,,,,,,,,,,,,,,,,,,,,,,,,,,,,,,,,,,,,,,,,,,,,,,,,,,,,,,,,,,,,,,,,,,,,,,,,,,,,,,,,,,,,,,,,,,,,,,,,,,,,,,,,,,,,,,,,,,,,,,,,,,,,,,,,,,,,,,,,,,,,,,,,,,,,,,,,,,,,,,,,,,,,,,,,,,,,,,,,,,,,,,,,,,,,,,,,,,,,,,,,,,,,,,,,,,,,,,,,,,,,,,,,,,,,,,,,,,,,,,,,,,,,,,,,,,,,,,,,,,,,,,,,,,,,,,,,,,,,,,,,,,,,,,,,,,,,,,,,,,,,,,,,,,,,,,,,,,,,,,,,,,,,,,,,,,,,,,,,,,,,,,,,,,,,,,,,,,,,,,,,,,,,,,,,,,,,,,,,,,,,,,,,,,,,,,,,,,,,,,,,,,,,,,,,,,,,,,,,,,,,,,,,,,,,,,,,,,,,,,,,,,,,,,,,,,,,,,,,,,,,,,,,,,,,,,,,,,,,,,,,,,,,,,,,,,,,,,,,,,,,,,,,,,,,,,,,,,,,,,,,,,,,,,,,,,,,,,,,,,,,,,,,,,,,,,,,,,,,,,,,,,,,,,,,,,,,,,,,,,,,,,,,,,,,,,,,,,,,,,,,,,,,,,,,,,,,,,,,,,,,,,,,,,,,,,,,,,,,,,,,,,,,,,,,,,,,,,,,,,,,,,,,,,,,,,,,,,,,,,,,,,,,,,,,,,,,,,,,,,,,,,,,,,,,,,,,,,,,,,,,,,,,,,,,,,,,,,,,,,,,,,,,,,,,,,,,,,,,,,,,,,,,,,,,,,,,,,,,,,,,,,,,,,
,Akimu Ss,Abu dhabi,0,0,,FALSE,,,,,,,,,,,,,,,,,,,,,,,,,,,,,,,,,,,,,,,,,,,,,,,,,,,,,,,,,,,,,,,,,,,,,VYM 14.00-23.00,VYM 14.00-23.00,Off,VYM 14.00-23.00,VYM 14.00-23.00,VYM 14.00-23.00,VYM 14.00-23.00,VYM 14.00-23.00,Off,VYM 14.00-23.00,VYM 14.00-23.00,VYM 14.00-23.00,VYM 14.00-23.00,VYM 14.00-23.00,VYM 14.00-23.00,Off,VYM 14.00-23.00,VYM 14.00-23.00,VYM 14.00-23.00,VYM 14.00-23.00,VYM 13.00-22.00,VYM 13.00-22.00,Off,VYM 13.00-22.00,VYM 13.00-22.00,VYM 13.00-22.00,VYM 13.00-22.00,VYM 13.00-22.00,VYM 13.00-22.00,Off,VYM 13.00-22.00,VYM 13.00-22.00,VYM 13.00-22.00,VYM 13.00-22.00,VYM 13.00-22.00,VYM 13.00-22.00,Off,VYM 13.00-22.00,VYM 13.00-22.00,VYM 13.00-22.00,VYM 14.00-23.00,VYM 14.00-23.00,VYM 14.00-23.00,VYM 13.00-22.00,VYM 13.00-22.00,Off,VYM 13.00-22.00,VYM 13.00-22.00,VYM 13.00-22.00,VYM 13.00-22.00,Off,VYM 13.00-22.00,VYM 13.00-22.00,VYM 13.00-22.00,VYM 13.00-22.00,VYM 13.00-22.00,VYM 13.00-22.00,Off,VYM 13.00-22.00,VYM 13.00-22.00,VYM 15.00-00.00,VYM 13.00-22.00,VYM 13.00-22.00,VYM 15.00-00.00,,,,,,,,,,,,,,,,,,,,,,,,,,,,,,,,,,,,,,,,,,,,,,,,,,,,,,,,,,,,,,,,,,,,,,,,,,,,,,,,,,,,,,,,,,,,,,,,,,,,,,,,,,,,,,,,,,,,,,,,,,,,,,,,,,,,,,,,,,,,,,,,,,,,,,,,,,,,,,,,,,,,,,,,,,,,,,,,,,,,,,,,,,,,,,,,,,,,,,,,,,,,,,,,,,,,,,,,,,,,,,,,,,,,,,,,,,,,,,,,,,,,,,,,,,,,,,,,,,,,,,,,,,,,,,,,,,,,,,,,,,,,,,,,,,,,,,,,,,,,,,,,,,,,,,,,,,,,,,,,,,,,,,,,,,,,,,,,,,,,,,,,,,,,,,,,,,,,,,,,,,,,,,,,,,,,,,,,,,,,,,,,,,,,,,,,,,,,,,,,,,,,,,,,,,,,,,,,,,,,,,,,,,,,,,,,,,,,,,,,,,,,,,,,,,,,,,,,,,,,,,,,,,,,,,,,,,,,,,,,,,,,,,,,,,,,,,,,,,,,,,,,,,,,,,,,,,,,,,,,,,,,,,,,,,,,,,,,,,,,,,,,,,,,,,,,,,,,,,,,,,,,,,,,,,,,,,,,,,,,,,,,,,,,,,,,,,,,,,,,,,,,,,,,,,,,,,,,,,,,,,,,,,,,,,,,,,,,,,,,,,,,,,,,,,,,,,,,,,,,,,,,,,,,,,,,,,,,,,,,,,,,,,,,,,,,,,,,,,,,,,,,,,,,,,,,,,,,,,,,,,,,,,,,,,,,,,,,,,
"VDM
VME",Eric Ba,Dubai International City,"VDM
Mon",0,,FALSE,,,,,,,,,,,,,,,,,,,,,,,,,,,,,,,,,,,,,,,,,,,,,,,,,,,,,,,,,,,,,,,,,,,,,,,,,,,,,,,,,,,,,,,,,,,,,,,,,,,,,,,,,,,,,,JME 13:30-22:30,JDM 14:00-23:00,JDM 14:00-23:00,JDM 14:00-23:00,JDM 14:00-23:00,Off,JDM 14:00-23:00,JDM 14:00-23:00,JDM 14:00-23:00,JDM 14:00-23:00,JDM 14:00-23:00,Off,JDM 14:00-23:00,SL,,,Off,JDM 14:00-23:00,VMN 13.00-22.00,VMN 13.00-22.00,VDM 10.00-19.00,JME 15:00-00:00,JME 15:00-00:00,JME 15:00-00:00,JME 15:00-00:00,Off,JME 15:00-00:00,VDM 10.00-19.00,VDM 10.00-19.00,JME 15:00-00:00,JME 15:00-00:00,JME 15:00-00:00,Off,AIR 09.00-18.00,JDM 14:00-23:00,JDM 14:00-23:00,JDM 14:00-23:00,Off,VDM 15.00-00.00,VDM 15.00-00.00,VDM 15.00-00.00,VDM 10.00-19.00,JME 15:00-00:00,JME 15:00-00:00,Off,VDM 15.00-00.00,AIR 13.00-22.00,VDM 15.00-00.00,JDH 14:00-23:00,JME 14:00-23:00,JME 14:00-23:00,Off,VDM 14.30-22.30,AIR 10.00-19.00,AIR 10.00-19.00,JDH 14:00-23:00,SL,VDM 10.00-19.00,Off,VDM 14.00-23.00,JME 14:00-23:00,AIR 10.00-19.00,VDM 10.00-19.00,JDM 14:00-23:00,JDM 14:00-23:00,Off,AIR 09.00-18.00,JME 14:00-23:00,VDM 15.00-00.00,VDM 15.00-00.00,JDH 14:00-23:00,VNK 13:30-22:30,Off,VDM 15.00-00.00,JDM 14:00-23:00,AIR 10.00-19.00,VDM 15.00-00.00,JME 15:00-00:00,VMN 13.00-22.00,Off,LOP,VME 14.00-23.00,AIR 10.00-19.00,VDM 15.00-00.00,VDM 15.00-00.00,VDM 10.00-19.00,Off,VME 14.00-23.00,VME 14.00-23.00,AIR 10.00-19.00,VMN 13.00-22.00,,,,,,,,,,,,,,,,,,,,,,,,,,,,,,,,,,,,,,,,,,,,,,,,,,,,,,,,,,,,,,,,,,,,,,,,,,,,,,,,,,,,,,,,,,,,,,,,,,,,,,,,,,,,,,,,,,,,,,,,,,,,,,,,,,,,,,,,,,,,,,,,,,,,,,,,,,,,,,,,,,,,,,,,,,,,,,,,,,,,,,,,,,,,,,,,,,,,,,,,,,,,,,,,,,,,,,,,,,,,,,,,,,,,,,,,,,,,,,,,,,,,,,,,,,,,,,,,,,,,,,,,,,,,,,,,,,,,,,,,,,,,,,,,,,,,,,,,,,,,,,,,,,,,,,,,,,,,,,,,,,,,,,,,,,,,,,,,,,,,,,,,,,,,,,,,,,,,,,,,,,,,,,,,,,,,,,,,,,,,,,,,,,,,,,,,,,,,,,,,,,,,,,,,,,,,,,,,,,,,,,,,,,,,,,,,,,,,,,,,,,,,,,,,,,,,,,,,,,,,,,,,,,,,,,,,,,,,,,,,,,,,,,,,,,,,,,,,,,,,,,,,,,,,,,,,,,,,,,,,,,,,,,,,,,,,,,,,,,,,,,,,,,,,,,,,,,,,,,,,,,,,,,,,,,,,,,,,,,,,,,,,,,,,,,,,,,,,,,,,,,,,,,,,,,,,,,,,,,,,,,,,,,,,,,,,,,,,,,,,,,,,,,,,,,,,,,,,,,,,,,,,,,,,,,
JME,Olaide Us,Deira,Tue,0,,FALSE,,,,,,,,,,,,,,,,,,,,,,,,,,,,,,,,,,,,,,,,,,,,,,,,,,,,,,,,,,,,,,,,,,,,,,,,,,,,,,,,,,,,,,,,,,,,,,,,,,,,,,,,,,,,,,,,,,,AIR 10.00-19.00,VMN 14.00-23.00,VMN 14.00-23.00,VDM 14.00-23.00,JME 13:30-22:30,Off,JME 13:30-22:30,JME 13:30-22:30,JME 13:30-22:30,JME 13:30-22:30,JME 13:30-22:30,VME 14.00-23.00,VME 14.00-23.00,VME 14.00-23.00,Off,VME 10.00-19.00,VME 14.00-23.00,VME 14.00-23.00,VME 14.00-23.00,VME 14.00-23.00,JDM 13:30-22:30,Off,VME 14.00-23.00,VME 14.00-23.00,VME 14.00-23.00,VME 14.00-23.00,Off,VME 14.00-23.00,VME 14.00-23.00,VME 14.00-23.00,VME 14.00-23.00,VME 14.00-23.00,VME 14.00-23.00,Off,VME 14.00-23.00,VME 14.00-23.00,VME 14.00-23.00,VME 14.00-23.00,VME 14.00-23.00,VME 14.00-23.00,Off,VME 14.00-23.00,VME 14.00-23.00,VME 14.00-23.00,VME 14.00-23.00,VME 14.00-23.00,VME 14.00-23.00,Off,JDM 13:30-22:30,JDM 13:30-22:30,JDM 13:30-22:30,JME 14:00-23:00,JME 14:00-23:00,VME 14.00-23.00,Off,JDH 13:00-22:00,JDH 13:00-22:00,VDM 13.30-22.30,VMN 13.00-22.00,JDH 13:00-22:00,VME 14.00-23.00,VDM 14.30-22.30,Off,JME 14:00-23:00,JME 14:00-23:00,JME 14:00-23:00,VME 13.30-22.30,VME 14.00-23.00,Off,VME 14.00-23.00,VME 14.00-23.00,VME 14.00-23.00,VME 14.00-23.00,JDH 13:00-22:00,JME 14:00-23:00,Off,JME 14:00-23:00,JME 14:00-23:00,JME 14:00-23:00,JDH 13:00-22:00,JME 14:00-23:00,JME 14:00-23:00,Off,JME 14:00-23:00,JME 14:00-23:00,JME 14:00-23:00,JDH 13:00-22:00,JDH 13:00-22:00,JDH 13:00-22:00,Off,VME 14.00-23.00,VMN 13.00-22.00,VMN 13.00-22.00,VMN 13.00-22.00,VMN 13.00-22.00,VDM 13.30-22.30,Off,VME 14.00-23.00,JME 13:30-22:30,JME 13:30-22:30,JME 13:30-22:30,JME 13:30-22:30,VDM 10.00-19.00,Off,VME 14.00-23.00,VME 14.00-23.00,VME 14.00-23.00,VME 14.00-23.00,VME 14.00-23.00,VME 14.00-23.00,Off,VME 14.00-23.00,VME 14.00-23.00,VME 14.00-23.00,LOP,LOP,LOP,Off,LOP,LOP,VME 14.00-23.00,VME 14.00-23.00,VME 14.00-23.00,VME 14.00-23.00,Off,VME 14.00-23.00,VME 14.00-23.00,VME 14.00-23.00,VME 14.00-23.00,VME 14.00-23.00,VME 14.00-23.00,Off,VME 14.00-23.00,VME 14.00-23.00,,,,,,,,,,,,,,,,,,,,,,,,,,,,,,,,,,,,,,,,,,,,,,,,,,,,,,,,,,,,,,,,,,,,,,,,,,,,,,,,,,,,,,,,,,,,,,,,,,,,,,,,,,,,,,,,,,,,,,,,,,,,,,,,,,,,,,,,,,,,,,,,,,,,,,,,,,,,,,,,,,,,,,,,,,,,,,,,,,,,,,,,,,,,,,,,,,,,,,,,,,,,,,,,,,,,,,,,,,,,,,,,,,,,,,,,,,,,,,,,,,,,,,,,,,,,,,,,,,,,,,,,,,,,,,,,,,,,,,,,,,,,,,,,,,,,,,,,,,,,,,,,,,,,,,,,,,,,,,,,,,,,,,,,,,,,,,,,,,,,,,,,,,,,,,,,,,,,,,,,,,,,,,,,,,,,,,,,,,,,,,,,,,,,,,,,,,,,,,,,,,,,,,,,,,,,,,,,,,,,,,,,,,,,,,,,,,,,,,,,,,,,,,,,,,,,,,,,,,,,,,,,,,,,,,,,,,,,,,,,,,,,,,,,,,,,,,,,,,,,,,,,,,,,,,,,,,,,,,,,,,,,,,,,,,,,,,,,,,,,,,,,,,,,,,,,,,,,,,,,,,,,,,,,,,,,,,,,,,,,,,,,,,,,,,,,,,,,,,,,,,,,,,,,,,,,,,,,,,,,,,
,Danny Th,"Marina, เรียนอังคาร พุธ พฤหัส เช้า",Sun,0,,FALSE,,,,,,,,,,,,,,,,,,,,,,,,,,,,,,,,,,,,,,,,,,,,,,,,,,,,,,,,,,,,,,,,,,,,,,,,,,,,,,,,,,,,,,,,,,,,,,,,,,,,,,,,,,,,,,,,,,,,,,,,,,,AIR 10.00-19.00,VMN 14.00-23.00,VMN 13.00-22.00,VMN 10:00-19:00,JME 13:30-22:30,Off,JME 13:30-22:30,JME 13:30-22:30,VMN 14.00-23.00,VMN 13.00-22.00,VMN 13.00-22.00,JDM 13:30-22:30,Off,JDM 13:30-22:30,JDM 13:30-22:30,JDM 10.00-19.00,JDM 10.00-19.00,JDM 13:30-22:30,VDM 13.30-22.30,Off,JDM 13:30-22:30,VDM 10.00-19.00,VDM 10.00-19.00,VDM 10.00-19.00,AIR 09.00-18.00,JDM 13:30-22:30,Off,JDM 13:30-22:30,AIR 09.00-18.00,VNK 12:30-21:30,VNK 12:30-21:30,AIR 09.00-18.00,LOP,Off,VMN 13.00-22.00,AIR 09.00-18.00,VNK 12:30-21:30,VMN 13.00-22.00,AIR 09.00-18.00,JME 13:30-22:30,Off,VDM 13.30-22.30,AIR 09.00-18.00,VNK 12:30-21:30,VMN 13.00-22.00,AIR 09.00-18.00,JDM 13:30-22:30,AIR 09.00-18.00,AIR 09.00-18.00,AIR,VNK 12:30-21:30,Off,AIR,AIR,AIR,AIR,AIR 09.00-18.00,AIR 09.00-18.00,Off,AIR 09.00-18.00,AIR 09.00-18.00,AIR 09.00-18.00,AIR 09.00-18.00,AIR 09.00-18.00,AIR 09.00-18.00,Off,AIR 09.00-18.00,AIR 09.00-18.00,AIR 09.00-18.00,AIR 09.00-18.00,AIR 09.00-18.00,AIR 09.00-18.00,Off,AIR 09.00-18.00,AIR 09.00-18.00,AIR 09.00-18.00,AIR 09.00-18.00,AIR 09.00-18.00,AIR 09.00-18.00,Off,AIR 09.00-18.00,AIR 09.00-18.00,AIR 09.00-18.00,AIR 09.00-18.00,AIR 09.00-18.00,AIR 09.00-18.00,Off,AIR 09.00-18.00,AIR 09.00-18.00,AIR 09.00-18.00,AIR 09.00-18.00,AIR 09.00-18.00,AIR 09.00-18.00,Off,AIR 09.00-18.00,AIR,AIR,AIR,AIR,AIR,Off,Off,Off,AIR,AIR,AIR,AIR,AIR,Off,Off,AIR,AIR,AIR,AIR,AIR,Off,Off,AIR,AIR,AIR,AIR,AIR,Off,Off,AIR,AIR,AIR,AIR,AIR,AIR,AIR,AIR,AIR,Off,Off,AIR,Off,Off,AIR,AIR,AIR,AIR,AIR,AIR,Off,Off,AIR,AIR,AIR,AIR,Off,Off,AIR,AIR,AIR,AIR,AIR,Off,Off,AIR,AIR,AIR,AIR,Off,Off,AIR,AIR,AIR,AIR,AIR,Off,AIR,AIR,Off,AIR,AIR,AIR,Off,Off,AIR,AIR,AIR,AIR,AIR,Off,Off,AIR,AIR,AIR,AIR,AIR,AIR,Off,Off,AIR,AIR,AIR,AIR,AIR,AIR,AIR,Off,AIR,AIR,AIR,Off,AIR,AIR,AIR,AIR,AIR,AIR,Off,AIR,AIR,AIR,AIR,AIR,AIR,Off,AIR,AIR,AIR,AIR,AIR,AIR,Off,AIR,AIR,AIR,AIR,AIR,AIR,Off,AIR,AIR,AIR,AIR,AIR,AIR,Off,AIR,AIR,AIR,AIR,AIR,LOP,Off,LOP,LOP,LOP,LOP,LOP,LOP,Off,AIR,AIR,AIR,AIR,AIR,AIR,Off,AIR,AIR,AIR,AIR,AIR,AIR,Off,AIR,AIR,AIR,AIR,AIR,AIR,AIR,AIR,AIR,AIR,AIR,AIR,Off,Off,AIR,AIR,AIR,AIR,AIR,AIR,Off,AIR,AIR,AIR,AIR,AIR,AIR,Off,AIR,AIR,AIR,AIR,AIR,AIR,Off,AIR,AIR,AIR,AIR,AIR,AIR,Off,AIR,AIR,AIR,AIR,AIR,AIR,Off,AIR,AIR,AIR,AIR,AIR,AIR,Off,AIR,AIR,AIR,AIR,AIR,AIR,Off,AIR,AIR,AIR,AIR,AIR,AIR,Off,AIR,AIR,AIR,BDM 13:00-22:00,BDM 13:00-22:00,HDM 13:00-22:00,HDM 13:00-22:00,AIR,AIR,AIR,AIR,AIR,Off,Off,AIR,AIR,AIR,AIR,AIR,AIR,Off,AIR,AIR,AIR,AIR,AIR,AIR,Off,AIR,AIR,AIR,AIR,AIR,AIR,Off,AIR,AIR,AIR,AIR,AIR,AIR,Off,AIR,AIR,AIR,AIR,AIR,AIR,Off,AIR,AIR,AIR,AIR,AIR,AIR,Off,AIR,AIR,AIR,AIR,AIR,AIR,Off,AIR,AIR,AIR,AIR,AIR,AIR,Off,AIR,AIR,AIR,AIR,AIR,AIR,Off,AIR,AIR,AIR,AIR,AIR,AIR,Off,AIR,AIR,AIR,AIR,AIR,AIR,Off,AIR,AIR,AIR,AIR,AIR,AIR,Off,AIR,AIR,AIR,AIR,AIR,AIR,Off,AIR,AIR,AIR,AIR,AIR,AIR,,,,,,,,,,,,,,,,,,,,,,,,,,,,,,,,,,,,,,,,,,,,,,,,,,,,,,,,,,,,,,,,,,,,,,,,,,,,,,,,,,,,,,,,,,,,,,,,,,,,,,,,,,,,,,,,,,,,,,,,,,,,,,,,,,,,,,,,,,,,,,,,,,,,,,,,,,,,,,,,,,,,,,,,,,,,,,,,,,,,,,,,,,,,,,,,,,,,,,,,,,,,,,,,,,,,,,,,,,,,,,,,,,,,,,,,,,,,,,,,,,,,,,,,,,,,,,,,,,,,,,,,,,,,,,,,,,,,,,,,,,,,,,,,,,,,,,,,,,
"VDM,
JDM, 
JME",Kevin Ka,Deira,Thu,0,,TRUE,,,,,,,,,,,,,,,,,,,,,,,,,,,,,,,,,,,,,,,,,,,,,,,,,,,,,,,,,,,,,,,,,,,,,,,,,,,,,,,,,,,,,,,,,,,,,,,,,,,,,,,,,,,,,,,,,,,,,,,,,,,,,,,,AIR 10.00-19.00,JDM 13:30-22:30,JDM 10.00-19.00,JDM 10.00-19.00,JDM 10.00-19.00,JDM 13:30-22:30,Off,VDM 10.00-19.00,VDM 13.30-22.30,VDH 10.00-19.00,VMN 13.00-22.00,VMN 13.00-22.00,VDM 10.00-19.00,Off,VDM 10.00-19.00,VDM 13.30-22.30,VMN 13.00-22.00,VMN 13.00-22.00,VMN 13.00-22.00,JDM 13:30-22:30,Off,VDM 10.00-19.00,VDM 10.00-19.00,JDM 13:30-22:30,JDM 13:30-22:30,JDM 13:30-22:30,JDM 13:30-22:30,Off,JDM 10.00-19.00,JDM 10.00-19.00,JDM 10.00-19.00,JDM 13:00-22:00,JDM 13:00-22:00,JDM 13:00-22:00,Off,JME 13:00-22:00,JME 13:00-22:00,JME 11:00-20:00,JDM 10.00-19.00,JDM 13:00-22:00,JDM 13:00-22:00,Off,JDM 13:00-22:00,JDM 13:00-22:00,JDM 13:00-22:00,JME 13:00-22:00,JME 10:00-19:00,JME 13:00-22:00,Off,JDM 13:00-22:00,JDM 13:00-22:00,JDM 13:00-22:00,JDM 13:00-22:00,JDM 13:00-22:00,JDM 13:00-22:00,Off,JME 13:00-22:00,JDM 13:00-22:00,JDM 13:00-22:00,JDM 13:00-22:00,JDM 10.00-19.00,JDM 13:00-22:00,Off,JDM 13:00-22:00,JDM 13:00-22:00,JDM 13:00-22:00,JDM 13:00-22:00,JDM 10.00-19.00,JDM 13:00-22:00,Off,JDM 13:00-22:00,JDM 13:00-22:00,JDM 13:00-22:00,VDM 13.00-22.00,JDM 10.00-19.00,JDM 13:00-22:00,Off,JDM 13:00-22:00,JDM 13:00-22:00,JDM 13:00-22:00,JDM 13:00-22:00,JDM 10.00-19.00,JDM 13:00-22:00,Off,JDM 10.00-19.00,JDM 13:00-22:00,JDM 13:00-22:00,JDM 13:00-22:00,JDM 10.00-19.00,JDM 13:00-22:00,Off,JDM 13:00-22:00,JDM 13:00-22:00,JDM 13:00-22:00,JDM 13:00-22:00,JDM 10.00-19.00,JDM 13:00-22:00,Off,JDM 13:00-22:00,JDM 13:00-22:00,JDM 13:00-22:00,JDM 13:00-22:00,JDM 10.00-19.00,JDM 13:00-22:00,Off,JDM 13:00-22:00,JDM 13:00-22:00,JDM 13:00-22:00,JDM 13:00-22:00,JDM 10.00-19.00,Off,JDM 13:00-22:00,JDM 13:00-22:00,JDM 13:00-22:00,JDM 13:00-22:00,JDM 13:00-22:00,JDM 10.00-19.00,Off,JME 13:00-22:00,JDM 13:00-22:00,JDM 13:00-22:00,VDM 13.00-22.00,JDM 13:00-22:00,JDM 10.00-19.00,JDM 13:00-22:00,Off,VDM 13.00-22.00,VDM 13.00-22.00,VDM 13.00-22.00,JDM 13:00-22:00,JDM 10.00-19.00,JDM 13:00-22:00,Off,VDM 13.00-22.00,VDM 13.00-22.00,JDM 13:00-22:00,JDM 13:00-22:00,JDM 10.00-19.00,VDM 13.00-22.00,Off,VDM 14.00-23.00,VDM 14.00-23.00,VDM 14.00-23.00,VDM 14.00-23.00,JDM 10.00-19.00,VDM 14.00-23.00,Off,VDM 14.00-23.00,VDM 14.00-23.00,VDM 14.00-23.00,VDM 14.00-23.00,JDM 10.00-19.00,VDM 14.00-23.00,JDM 14:00-23:00,Off,VDM 14.00-23.00,VDM 14.00-23.00,JDM 14:00-23:00,JDM 10.00-19.00,VDM 14.00-23.00,Off,JME 12:00-21:00,VDM 14.00-23.00,VDM 14.00-23.00,VDM 14.00-23.00,JDM 10.00-19.00,JDM 14:00-23:00,Off,JME 12:00-21:00,VDM 14.00-23.00,VDM 14.00-23.00,VDM 14.00-23.00,JME 10:00-19:00,JDM 14:00-23:00,Off,JDM 14:00-23:00,VDM 14.00-23.00,VDM 14.00-23.00,VDM 14.00-23.00,JME 10:00-19:00,JDM 14:00-23:00,VDM 10.00-19.00,VDM 14.00-23.00,VDM 10.00-19.00,VDM 14.00-23.00,VDM 13.30-22.30,VDM 10.00-19.00,VDM 10.00-19.00,Off,VDM 14.00-23.00,VDM 14.00-23.00,VDM 14.00-23.00,VDM 10.00-19.00,VDM 10.00-19.00,VDM 10.00-19.00,Off,VDM 14.00-23.00,VDM 14.00-23.00,VDM 14.00-23.00,VDM 10.00-19.00,VDM 10.00-19.00,VDM 14.00-23.00,Off,JME 12:00-21:00,VDM 14.00-23.00,LOP,JME 13:00-22:00,VDM 10.00-19.00,JME 12:00-21:00,Off,JME 12:00-21:00,VDM 14.00-23.00,VDM 14.00-23.00,VDM 14.00-23.00,VDM 10.00-19.00,VDM 14.00-23.00,Off,JDM 14:00-23:00,JME 12:00-21:00,VDM 14.00-23.00,VDM 14.00-23.00,JDM 10.00-19.00,VDM 14.00-23.00,Off,VDM 14.00-23.00,VDM 14.00-23.00,JDM 14:00-23:00,VDM 10.00-19.00,VMN 10:00-19:00,VDM 14.00-23.00,Off,VDM 14.00-23.00,VDM 14.00-23.00,JDM 10.00-19.00,JDM 10.00-19.00,JDM 10.00-19.00,VDM 14.00-23.00,Off,VDM 14.00-23.00,VDM 14.00-23.00,JDM 10.00-19.00,JDM 14:00-23:00,VDM 10.00-19.00,VDM 10.00-19.00,Off,JDM 14:00-23:00,JDM 14:00-23:00,JDM 14:00-23:00,JDM 16:00-23:00,VDM 10.00-17.00,VDM 10.00-17.00,Off,VDM 16.00-23.00,VDM 16.00-23.00,VDM 16.00-23.00,VDM 16.00-23.00,JDM 11:00-18:00,VDM 12.00-19.00,Off,JDM 16:00-23:00,JDM 17:00-00:00,JDM 17:00-00:00,JDM 17:00-00:00,JDM 17:00-00:00,VDM 12.00-19.00,Off,JDM 17:00-00:00,JDM 17:00-00:00,VDM 17.00-00.00,VDM 17.00-00.00,VDM 15.00-00.00,JDM 15:00-00:00,JDM 15:00-00:00,JDM 15:00-00:00,VDM 14.00-23.00,VDM 14.00-23.00,VDM 14.00-23.00,VDM 10.00-19.00,Off,VDM 14.00-23.00,JDM 14:00-23:00,JDM 14:00-23:00,JDM 14:00-23:00,VDM 14.00-23.00,VDM 10.00-19.00,VDM 10.00-19.00,Off,JDM 14:00-23:00,JDM 14:00-23:00,JDM 14:00-23:00,JDM 14:00-23:00,JDM 10.00-19.00,VDM 14.00-23.00,Off,JDM 14:00-23:00,JDM 14:00-23:00,JDM 14:00-23:00,VDM 14.00-23.00,VDM 10.00-19.00,VDM 10.00-19.00,Off,JDM 14:00-23:00,JDM 14:00-23:00,JDM 14:00-23:00,JDM 14:00-23:00,VDM 10.00-19.00,VDM 10.00-19.00,Off,JDM 14:00-23:00,JDM 14:00-23:00,JDM 14:00-23:00,JDM 14:00-23:00,VDM 10.00-19.00,VDM 10.00-19.00,Off,JDM 14:00-23:00,JDM 14:00-23:00,JDM 14:00-23:00,JDM 14:00-23:00,VDM 10.00-19.00,VDM 10.00-19.00,Off,JDM 14:00-23:00,JDM 14:00-23:00,JDM 14:00-23:00,JDM 14:00-23:00,VDM 10.00-19.00,VDM 10.00-19.00,Off,VDM 14.00-23.00,VDM 14.00-23.00,JDM 14:00-23:00,JDM 14:00-23:00,VDM 10.00-19.00,VDM 10.00-19.00,Off,JME 12:00-21:00,VDM 13.00-23.00,VDM 13.00-23.00,VDM 13.00-23.00,VDM 10.00-20.00,VDM 10.00-19.00,Off,JDM 14:00-23:00,JDM 14:00-23:00,JDM 14:00-23:00,VDM 10.00-19.00,VDM 10.00-19.00,VDM 10.00-19.00,Off,JDM 14:00-23:00,JDM 14:00-23:00,VDM 14.00-23.00,VDM 14.00-23.00,JME 10:00-19:00,VDM 10.00-19.00,Off,JDM 14:00-23:00,VDM 14.00-23.00,VDM 14.00-23.00,VDM 14.00-23.00,JME 10:00-19:00,VDM 10.00-19.00,Off,JDM 14:00-23:00,VDM 14.00-23.00,VDM 14.00-23.00,VDM 14.00-23.00,VDM 10.00-19.00,VDM 10.00-19.00,Off,JDM 14:00-23:00,JDM 14:00-23:00,JDM 14:00-23:00,JDM 14:00-23:00,VDM 10.00-19.00,VDM 10.00-19.00,JME 12:00-21:00,JME 12:00-21:00,Off,VDM 14.00-23.00,VDM 14.00-23.00,VDM 10.00-19.00,VDM 10.00-19.00,VDM 10.00-19.00,JME 12:00-21:00,Off,JDM 14:00-23:00,JDM 14:00-23:00,VDM 10.00-19.00,VDM 10.00-19.00,VDM 10.00-19.00,JDM 14:00-23:00,JME 12:00-21:00,VDM 14.00-23.00,VDM 14.00-23.00,VDM 10.00-19.00,VDM 10.00-19.00,VDM 10.00-19.00,VDM 10.00-19.00,Off,JDM 14:00-23:00,JDM 14:00-23:00,VDM 10.00-19.00,VDM 10.00-19.00,JME 12:00-21:00,JME 12:00-21:00,Off,JDM 14:00-23:00,JDM 14:00-23:00,VDM 10.00-19.00,VDM 10.00-19.00,VDM 14.00-23.00,VDM 14.00-23.00,Off,JDM 14:00-23:00,JDM 14:00-23:00,HDM 10:00-19:00,VDM 10.00-19.00,JME 12:00-21:00,JME 12:00-21:00,Off,VDM 10.00-19.00,VDM 10.00-19.00,VDM 10.00-19.00,VDM 14.00-23.00,JDM 14:00-23:00,JDM 14:00-23:00,Off,VDM 14.00-23.00,VDM 14.00-23.00,HDM 10:00-19:00,VDM 10.00-19.00,VDM 10.00-19.00,VDM 10.00-19.00,Off,JDM 14:00-23:00,JDM 14:00-23:00,VDM 10.00-19.00,VDM 10.00-19.00,VDM 10.00-19.00,VDM 10.00-19.00,Off,JDM 14:00-23:00,JDM 14:00-23:00,HDM 10:00-19:00,VDM 14.00-23.00,JME 12:00-21:00,JME 12:00-21:00,Off,VDM 14.00-23.00,VDM 14.00-23.00,HDM 10:00-19:00,VDM 10.00-19.00,JDM 14:00-23:00,JDM 14:00-23:00,Off,VDM 10.00-19.00,VDM 10.00-19.00,HDM 10:00-19:00,JME 11:00-20:00,VDM 14.00-23.00,VDM 14.00-23.00,Off,JDM 14:00-23:00,JDM 14:00-23:00,HDM 10:00-19:00,VDM 10.00-19.00,VDM 10.00-19.00,VDM 10.00-19.00,Off,JDM 14:00-23:00,JDM 14:00-23:00,HDM 10:00-19:00,VDM 10.00-19.00,VDM 10.00-19.00,VDM 14.00-23.00,VDM 10.00-19.00,VDM 10.00-19.00,VDM 10.00-19.00,HDM 10:00-19:00,VDM 14.00-23.00,VDM 14.00-23.00,VDM 14.00-23.00,Off,VDM 14.00-23.00,VDM 14.00-23.00,HDM 10:00-19:00,HDM 13:00-22:00,VDM 10.00-19.00,VDM 10.00-19.00,Off,VDM 14.00-23.00,VDM 14.00-23.00,HDM 10:00-19:00,HDM 13:00-22:00,VDM 10.00-19.00,VDM 14.00-23.00,Off,HDM 13:00-22:00,VDM 14.00-23.00,HDM 10:00-19:00,HDM 13:00-22:00,JDM 14:00-23:00,JDM 14:00-23:00,Off,VDM 14.00-23.00,VDM 14.00-23.00,HDM 10:00-19:00,VDM 10.00-19.00,VDM 10.00-19.00,HDM 13:00-22:00,Off,VDM 14.00-23.00,VDM 10.00-19.00,HDM 10:00-19:00,HDM 13:00-22:00,VDM 13.30-22.30,VDM 14.00-23.00,Off,HDM 13:00-22:00,VDM 14.00-23.00,HDM 10:00-19:00,VDM 10.00-19.00,VDM 10.00-19.00,VDM 10.00-19.00,Off,JME 12:00-21:00,VDM 14.00-23.00,JDM 10.00-19.00,VDM 10.00-19.00,VDM 10.00-19.00,VDM 10.00-19.00,Off,JDM 14:00-23:00,JDM 14:00-23:00,VDM 10.00-19.00,VDM 10.00-19.00,JDM 14:00-23:00,JDM 14:00-23:00,Off,JDM 14:00-23:00,JDM 14:00-23:00,JDM 14:00-23:00,VDM 14.00-23.00,VDM 14.00-23.00,HDM 10:00-19:00,VDM 10.00-19.00,JDM 14:00-23:00,VDM 10.00-19.00,VDM 10.00-19.00,VDM 10.00-19.00,JDM 14:00-23:00,JDM 14:00-23:00,Off,Off,Off,Off,VDM 14.00-23.00,VDM 14.00-23.00,VDM 14.00-23.00,HDM 13:00-22:00,JDM 14:00-23:00,JDM 14:00-23:00,VDM 10.00-19.00,VDM 10.00-19.00,VDM 10.00-19.00,VDM 14.00-23.00,Off,JDM 14:00-23:00,VDM 10.00-19.00,VDM 10.00-19.00,VDM 14.00-23.00,JDM 14:00-23:00,JDM 14:00-23:00,JDM 14:00-23:00,VDM 14.00-23.00,VDM 14.00-23.00,JDM 10.00-19.00,VDM 14.00-23.00,JDM 14:00-23:00,VDM 14.00-23.00,Off,JDM 14:00-23:00,JDM 14:00-23:00,JDM 10.00-19.00,VDM 14.00-23.00,VDM 14.00-23.00,VDM 14.00-23.00,Off,JDM 14:00-23:00,VDM 10.00-19.00,VDM 10.00-19.00,VDM 10.00-19.00,LOP,LOP,Off,LOP,LOP,LOP,LOP,LOP,LOP,Off,LOP,LOP,LOP,LOP,LOP,LOP,Off,LOP,LOP,LOP,VDM 16.00-23.00,VDM 16.00-23.00,JDM 16:00-23:00,Off,VDM 16.00-23.00,JDM 16:00-23:00,JDM 16:00-23:00,VDM 12.00-19.00,Off,JDM 16:00-23:00,JDM 16:00-23:00,VDM 14.00-23.00,VDM 14.00-23.00,VDM 10.00-19.00,VDM 14.00-23.00,JDM 14:00-23:00,JDM 14:00-23:00,Off,JDM 14:00-23:00,JDM 14:00-23:00,VDM 10.00-19.00,VDM 14.00-23.00,JDM 14:00-23:00,JDM 14:00-23:00,Off,VDM 14.00-23.00,VDM 14.00-23.00,VDM 10.00-19.00,VDM 14.00-23.00,JDM 14:00-23:00,JDM 14:00-23:00,Off,VDM 14.00-23.00,VDM 14.00-23.00,VDM 10.00-19.00,VDM 14.00-23.00,JDM 14:00-23:00,JDM 14:00-23:00,Off,VDM 14.00-23.00,JDM 14:00-23:00,VDM 10.00-19.00,VDM 14.00-23.00,JDM 14:00-23:00,VDM 10.00-19.00,Off,JDM 14:00-23:00,JDM 14:00-23:00,VDM 10.00-19.00,VDM 14.00-23.00,JDM 14:00-23:00,VDM 10.00-19.00,Off,VDM 14.00-23.00,VDM 14.00-23.00,VDM 10.00-19.00,VDM 14.00-23.00,JDM 14:00-23:00,VDM 10.00-19.00,Off,JDM 14:00-23:00,JDM 14:00-23:00,VDM 10.00-19.00,VDM 14.00-23.00,JDM 14:00-23:00,VDM 10.00-19.00,Off,VDM 14.00-23.00,VDM 14.00-23.00,VDM 10.00-19.00,VDM 14.00-23.00,VDM 14.00-23.00,VDM 10.00-19.00,Off,VDM 14.00-23.00,JDM 14:00-23:00,VDM 10.00-19.00,Off,VDM 14.00-23.00,JDM 14:00-23:00,VDM 14.00-23.00,VDM 14.00-23.00,VDM 14.00-23.00,VDM 10.00-19.00,JDM 14:00-23:00,VDM 14.00-23.00,VDM 10.00-19.00,Off,VDM 10.00-19.00,VDM 14.00-23.00,VDM 10.00-19.00,JDM 14:00-23:00,VDM 13.00-22.00,VDM 10.00-19.00,Off,JME 12:00-21:00,JME 12:00-21:00,JME 12:00-21:00,JDM 13:00-22:00,VDM 10.00-19.00,VDM 10.00-19.00,VDM 10.00-19.00,Off,JME 12:00-21:00,JDM 13:00-22:00,JDM 13:00-22:00,VDM 14.00-23.00,VDM 14.00-23.00,Off,JME 12:00-21:00,JME 12:00-21:00,JDM 13:00-22:00,JDM 13:00-22:00,VDM 10.00-19.00,,Off,,,,,,,Off,,,,,,
VME,Natasha Ng,"DIP, เรียนอังคาร เที่ยง,  พุธ บ่าย, ศุกร์ เช้า","Tue, Wed",0,,FALSE,,,,,,,,,,,,,,,,,,,,,,,,,,,,,,,,,,,,,,,,,,,,,,,,,,,,,,,,,,,,,,,,,,,,,,,,,,,,,,,,,,,,,,,,,,,,,,,,,,,,,,,,,,,,,,,,,,,,,,,,,,,,,,,,AIR 10.00-19.00,VDM 10.00-19.00,VMN 14.00-23.00,VDM 10.00-19.00,VDM 10.00-19.00,VDM 10.00-19.00,VMN 13.00-22.00,Off,VMN 13.00-22.00,VMN 14.00-23.00,JDM 13:30-22:30,JDM 13:30-22:30,VMN 13.00-22.00,VMN 15.00-22.00,Off,SL,JME 13:30-22:30,JME 13:30-22:30,JME 13:30-22:30,VDM 10.00-19.00,VMN 15.00-22.00,Off,VMN 13.00-22.00,JME 13:30-22:30,VDM 10.00-19.00,VDM 10.00-19.00,VDM 10.00-19.00,VMN 15.00-22.00,Off,VDH 13.00-22.00,VDH 15.00-22.00,VDH 13.00-22.00,VDH 13.00-22.00,VDM 13.30-22.30,Off,VDH 13.00-22.00,Off,LOP,VDH 13.00-22.00,VDH 13.00-22.00,VDM 13.30-22.30,Off,Off,VDH 13.00-22.00,VDH 15.00-22.00,VDH 13.00-22.00,VDH 13.00-22.00,VDM 13.30-22.30,Off,Off,VDH 13.00-22.00,VDH 15.00-22.00,VDH 13.00-22.00,VDH 13.00-22.00,VDM 13.30-22.30,Off,Off,VDH 13.00-22.00,VDH 15.00-22.00,VDH 13.00-22.00,VME 13.30-22.30,VME 13.30-22.30,Off,Off,LOP,VME 15.00-23.00,VME 13.30-22.30,VME 13.30-22.30,VME 13.30-22.30,Off,Off,LOP,VME 15.00-23.00,VME 13.30-22.30,VME 13.30-22.30,VME 13.30-22.30,Off,Off,VME 13.30-22.30,VME 15.00-23.00,VME 10.00-19.00,SL,VME 13.30-22.30,Off,Off,VME 13.30-22.30,VME 15.00-23.00,VME 13.30-22.30,VME 13.30-22.30,,,,,,,,,,,,,,,,,,,,,,,,,,,,,,,,,,,,,,,,,,,,,,,,,,,,,,,,,,,,,,,,,,,,,,,,,,,,,,,,,,,,,,,,,,,,,,,,,,,,,,,,,,,,,,,,,,,,,,,,,,,,,,,,,,,,,,,,,,,,,,,,,,,,,,,,,,,,,,,,,,,,,,,,,,,,,,,,,,,,,,,,,,,,,,,,,,,,,,,,,,,,,,,,,,,,,,,,,,,,,,,,,,,,,,,,,,,,,,,,,,,,,,,,,,,,,,,,,,,,,,,,,,,,,,,,,,,,,,,,,,,,,,,,,,,,,,,,,,,,,,,,,,,,,,,,,,,,,,,,,,,,,,,,,,,,,,,,,,,,,,,,,,,,,,,,,,,,,,,,,,,,,,,,,,,,,,,,,,,,,,,,,,,,,,,,,,,,,,,,,,,,,,,,,,,,,,,,,,,,,,,,,,,,,,,,,,,,,,,,,,,,,,,,,,,,,,,,,,,,,,,,,,,,,,,,,,,,,,,,,,,,,,,,,,,,,,,,,,,,,,,,,,,,,,,,,,,,,,,,,,,,,,,,,,,,,,,,,,,,,,,,,,,,,,,,,,,,,,,,,,,,,,,,,,,,,,,,,,,,,,,,,,,,,,,,,,,,,,,,,,,,,,,,,,,,,,,,,,,,,,,,,,,,,,,,,,,,,,,,,,,,,,,,,,,,,,
VDH,Maureen Wa,Al Basha (MOE),"VME, JDM, VDM
Mon",0,,TRUE,,,,,,,,,,,,,,,,,,,,,,,,,,,,,,,,,,,,,,,,,,,,,,,,,,,,,,,,,,,,,,,,,,,,,,,,,,,,,,,,,,,,,,,,,,,,,,,,,,,,,,,,,,,,,,,,,,,,,,,,,,,,,,,,,,,,,,,,,,,,,,,,,,,,AIR 13.00-22.00,JDM 13:30-22:30,JME 13:30-22:30,VMN 13.00-22.00,JDH 14:00-23:00,VMN 13.00-22.00,Off,JDM 13:30-22:30,JDM 13:30-22:30,JME 13:30-22:30,JME 13:30-22:30,VDM 10.00-19.00,VDM 10.00-19.00,Off,VME 13.30-22.30,VME 13.30-22.30,VME 13.30-22.30,VME 13.30-22.30,VME 13.30-22.30,VME 13.30-22.30,Off,VME 13.30-22.30,VME 13.30-22.30,VME 13.30-22.30,VME 13.30-22.30,VME 13.30-22.30,VME 13.30-22.30,Off,VME 13.30-22.30,VME 13.30-22.30,VME 13.30-22.30,VME 13.30-22.30,VME 13.30-22.30,JDH 13:00-22:00,Off,JDM 13:30-22:30,VDM 13.30-22.30,VDM 13.30-22.30,JME 14:00-23:00,VMN 14.00-23.00,VDH 13.00-22.00,Off,JDM 13:30-22:30,VDM 13.30-22.30,VDM 13.30-22.30,VDH 13.00-22.00,VDM 10.00-19.00,VDH 13.00-22.00,Off,VDM 13.30-22.30,VDH 13.00-22.00,VDM 13.30-22.30,VDM 13.30-22.30,VDM 10.00-19.00,VDM 13.30-22.30,AIR 13.00-22.00,AIR 10.00-19.00,Off,VDM 10.00-19.00,VDM 13.30-22.30,VDM 13.30-22.30,VDM 13.30-22.30,Off,VDM 13.30-22.30,VDM 13.30-22.30,VDH 13.00-22.00,VDH 13.00-22.00,VDM 13.30-22.30,VDM 13.30-22.30,Off,SL,VDH 13.00-22.00,VDH 13.00-22.00,VDM 10.00-19.00,VDM 10.00-19.00,VDM 10.00-19.00,Off,VDM 13.30-22.30,VDH 13.00-22.00,VDH 13.00-22.00,VDM 10.00-19.00,VDM 10.00-19.00,VDM 13.30-22.30,Off,VDM 13.30-22.30,VDH 13.00-22.00,VDH 13.00-22.00,VDM 13.30-22.30,VDM 13.30-22.30,VDM 13.30-22.30,Off,VDM 13.30-22.30,VDM 13.30-22.30,VDH 13.00-22.00,VDM 13.30-22.30,VDM 13.30-22.30,VDM 13.30-22.30,Off,Off,VDM 13.30-22.30,VDM 13.30-22.30,JDM 12.00-21.00,VDM 13.30-22.30,VDM 10.00-19.00,Off,JDM 12.00-21.00,VDH 13.00-22.00,VDH 13.00-22.00,JDM 11.00-20.00,VDM 13.30-22.30,VDM 13.30-22.30,Off,VDM 13.30-22.30,VDH 13.00-22.00,VDH 13.00-22.00,VDM 13.30-22.30,VDM 10.00-19.00,VDM 10.00-19.00,Off,VDM 10.00-19.00,JDM 13:30-22:30,VDH 13.00-22.00,VDH 11.00-20.00,VDM 10.00-19.00,VDM 10.00-19.00,Off,VDM 13.30-22.30,JDM 13:30-22:30,VDH 13.00-22.00,VDM 10.00-19.00,VDM 10.00-19.00,VDM 10.00-19.00,Off,VDM 10.00-19.00,JDM 10.00-19.00,VDH 13.00-22.00,VDH 13.00-22.00,VDM 10.00-19.00,JME 10:00-19:00,Off,VDH 13.00-22.00,JDM 13:30-22:30,VDH 13.00-22.00,VDH 13.00-22.00,VDM 10.00-19.00,JME 10:00-19:00,Off,JDM 13:30-22:30,VDM 13.30-22.30,JDM 13:30-22:30,JDM 13:30-22:30,JDM 13:30-22:30,VDM 10.00-19.00,Off,VDM 13.30-22.30,LOP,JDM 13:30-22:30,AIR 10.00-19.00,AIR 10.00-19.00,VDM 10.00-19.00,Off,VDM 13.30-22.30,JDM 13:30-22:30,VDM 13.30-22.30,JDM 13:30-22:30,JDM 13:30-22:30,JDM 10.00-19.00,Off,VDH 13.00-22.00,VDH 13.00-22.00,JDM 13:30-22:30,JDM 13:30-22:30,JDM 13:30-22:30,JDM 10.00-19.00,Off,VDM 13.30-22.30,JDM 13:30-22:30,VDH 13.00-22.00,SL,JDM 13:30-22:30,JDM 13:30-22:30,Off,VDM 13.30-22.30,VDM 13.30-22.30,VDH 13.00-22.00,VDM 10.00-19.00,VDM 10.00-19.00,VNK 12:30-21:30,Off,VDH 13.00-22.00,VDM 14.00-23.00,VDH 13.00-22.00,VNK 12:30-21:30,VDH 13.00-22.00,VDH 13.00-22.00,Off,VDM 13.30-22.30,VDM 13.30-22.30,VDM 13.30-22.30,VDH 13.00-22.00,VDH 13.00-22.00,VDM 13.30-22.30,Off,VDM 13.30-22.30,VDH 13.00-22.00,VDH 13.00-22.00,VDM 13.30-22.30,SL,VDM 13.30-22.30,Off,VDM 13.30-22.30,VDH 13.00-22.00,VDH 13.00-22.00,VDM 13.30-22.30,VDM 13.30-22.30,VDM 13.30-22.30,Off,VDM 13.30-22.30,VDH 13.00-22.00,VDH 13.00-22.00,VDM 11.00-17.00,VDM 11.00-17.00,VDH 11.00-17.00,Off,VDM 11.00-17.00,VDM 11.00-17.00,VDM 11.00-17.00,VDM 11.00-17.00,VDM 11.00-17.00,VDH 11.00-17.00,Off,VDM 11.00-17.00,VDH 16.00-22.00,VDH 16.00-22.00,VDH 16.00-22.00,VDH 16.00-22.00,VDM 12.00-18.00,Off,VDM 12.00-18.00,VDM 12.00-18.00,VDM 12.00-18.00,VDH 16.00-22.00,VDH 16.00-22.00,VDH 16.00-22.00,Off,VDM 11.00-17.00,VDM 11.00-17.00,VDM 11.00-17.00,VDH 16.00-22.00,Off,VDH 11.00-20.00,VDM 11.00-20.00,VDM 11.00-20.00,VDM 11.00-20.00,VDH 13.00-22.00,VDH 13.00-22.00,VDH 13.00-22.00,VDH 13.00-22.00,Off,VDH 13.00-22.00,VDM 14.00-23.00,VDM 14.00-23.00,VDM 14.00-23.00,JME 14:00-23:00,JME 10:00-19:00,Off,VDH 13.00-22.00,VDM 13.00-22.00,VDM 13.00-22.00,VDM 13.00-22.00,VDM 13.00-22.00,VDH 11.00-20.00,Off,VDH 13.00-22.00,VDM 13.00-22.00,VDM 13.00-22.00,VDM 13.00-22.00,VDH 13.00-22.00,VDH 11.00-20.00,Off,JME 13:00-22:00,VDM 10.00-19.00,VDM 10.00-19.00,VDM 10.00-19.00,VDM 10.00-19.00,SL,Off,JME 13:00-22:00,VDM 13.00-22.00,VDM 13.00-22.00,VDM 13.00-22.00,VDM 13.00-22.00,VDH 11.00-20.00,Off,VDH 13.00-22.00,LOP,LOP,VDM 13.00-22.00,VDM 13.00-22.00,VDH 13.00-22.00,Off,JME 13:30-22:30,VDM 13.00-22.00,VDM 13.00-22.00,VDM 13.00-22.00,VDM 13.00-22.00,VDH 13.00-22.00,Off,VDH 13.00-22.00,VDH 13.00-22.00,VDH 13.00-22.00,VDM 10.00-19.00,VDM 10.00-19.00,VDH 11.00-20.00,Off,VDM 13.30-22.30,VDM 13.30-22.30,VDH 13.00-22.00,VDH 13.00-22.00,VDH 13.00-22.00,VDH 11.00-20.00,Off,VDM 13.30-22.30,VDM 13.30-22.30,VDM 13.30-22.30,VDH 13.00-22.00,VDH 13.00-22.00,VDH 13.00-22.00,Off,VDH 13.00-22.00,VDM 14.00-23.00,VDM 14.00-23.00,VDH 13.00-22.00,VDH 13.00-22.00,VDM 10.00-19.00,Off,VDM 14.00-23.00,VDM 14.00-23.00,VDH 13.00-22.00,VDH 13.00-22.00,VDH 13.00-22.00,VDM 10.00-19.00,Off,VDM 14.00-23.00,VDM 14.00-23.00,VDH 13.00-22.00,VDH 13.00-22.00,VDH 13.00-22.00,VDH 11.00-20.00,Off,VDM 14.00-23.00,VDM 14.00-23.00,VDM 14.00-23.00,VDM 14.00-23.00,VDM 14.00-23.00,VDH 11.00-20.00,Off,VDM 14.00-23.00,VDM 14.00-23.00,VDM 14.00-23.00,VDH 13.00-22.00,VDH 13.00-22.00,VDH 11.00-20.00,Off,JME 13:30-22:30,VDM 10.00-19.00,VDM 10.00-19.00,VDM 10.00-19.00,VDM 10.00-19.00,SL,Off,VDH 13.00-22.00,VDM 14.00-23.00,VDM 14.00-23.00,JME 13:30-22:30,JME 13:30-22:30,VDH 11.00-20.00,Off,VDH 13.00-22.00,VDH 13.00-22.00,VDM 14.00-23.00,VDM 14.00-23.00,VDM 14.00-23.00,VDH 11.00-20.00,Off,VDM 14.00-23.00,VDM 14.00-23.00,VDM 14.00-23.00,VDM 14.00-23.00,VDM 14.00-23.00,VDH 11.00-20.00,Off,JME 13:30-22:30,JME 13:30-22:30,VDM 10.00-19.00,VDM 10.00-19.00,VDM 10.00-19.00,VDM 10.00-19.00,Off,VDM 14.00-23.00,VDM 14.00-23.00,VDM 14.00-23.00,VDH 13.00-22.00,VDH 13.00-22.00,SL,Off,VDM 14.00-23.00,VDM 14.00-23.00,VDM 14.00-23.00,VDH 13.00-22.00,VDH 13.00-22.00,VDM 10.00-19.00,Off,VDH 13.00-22.00,VDH 13.00-22.00,VDM 10.00-19.00,VDM 10.00-19.00,VDM 10.00-19.00,VDH 11.00-20.00,Off,VDH 13.00-22.00,VDH 13.00-22.00,VDM 14.00-23.00,VDM 14.00-23.00,VDM 14.00-23.00,VDM 14.00-23.00,Off,VDM 10.00-19.00,VDM 10.00-19.00,VDM 10.00-19.00,VDH 13.00-22.00,VDH 13.00-22.00,VDH 13.00-22.00,Off,VDM 10.00-19.00,VDM 14.00-23.00,VDM 14.00-23.00,VDH 13.00-22.00,VDH 13.00-22.00,VDM 10.00-19.00,Off,VDH 13.00-22.00,VDH 13.00-22.00,VDM 14.00-23.00,VDM 14.00-23.00,VDM 14.00-23.00,VDM 10.00-19.00,Off,JME 13:00-22:00,VDH 13.00-22.00,VDM 10.00-19.00,VDM 14.00-23.00,VDM 14.00-23.00,LOP,Off,LOP,LOP,LOP,LOP,LOP,LOP,Off,LOP,LOP,LOP,LOP,LOP,LOP,LOP,LOP,LOP,VDH 13.00-22.00,VDH 13.00-22.00,VDH 13.00-22.00,VDM 14.00-23.00,Off,VDH 13.00-22.00,VDH 13.00-22.00,VDM 14.00-23.00,VDM 14.00-23.00,JDH 13:00-22:00,VDM 10.00-19.00,Off,VDM 14.00-23.00,VDM 14.00-23.00,VDM 14.00-23.00,VDH 13.00-22.00,VDH 13.00-22.00,VDM 10.00-19.00,Off,VDH 13.00-22.00,VDM 14.00-23.00,JME 13:00-22:00,VDH 13.00-22.00,VDH 13.00-22.00,Off,VDM 10.00-19.00,VDH 13.00-22.00,VDH 13.00-22.00,VDM 14.00-23.00,VDM 14.00-23.00,VDH 13.00-22.00,VDM 10.00-19.00,Off,VDH 13.00-22.00,VDH 13.00-22.00,VDM 14.00-23.00,VDM 14.00-23.00,VDH 13.00-22.00,VDM 10.00-19.00,Off,VDH 13.00-22.00,VDH 13.00-22.00,VDM 10.00-19.00,VDM 10.00-19.00,VDM 10.00-19.00,VDH 11.00-20.00,Off,VDM 10.00-19.00,VDM 14.00-23.00,SL,VDM 14.00-23.00,VDM 14.00-23.00,VDM 14.00-23.00,Off,JME 13:00-22:00,JME 13:00-22:00,VDH 13.00-22.00,VDM 14.00-23.00,VDH 13.00-22.00,JME 11:00-20:00,Off,VDM 14.00-23.00,VDM 14.00-23.00,VDM 14.00-23.00,VDM 14.00-23.00,VDH 13.00-22.00,VDM 10.00-19.00,Off,VDH 13.00-22.00,VDH 13.00-22.00,VDM 10.00-19.00,VDM 10.00-19.00,VDM 10.00-19.00,VDH 11.00-20.00,Off,VDH 13.00-22.00,JME 13:00-22:00,JME 13:00-22:00,VDH 13.00-22.00,VDH 13.00-22.00,VDH 11.00-20.00,Off,VDM 10.00-19.00,VDM 14.00-23.00,VDM 14.00-23.00,VDH 13.00-22.00,VDH 13.00-22.00,VDH 11.00-20.00,Off,VDM 14.00-23.00,VDH 13.00-22.00,VDM 14.00-23.00,VDM 14.00-23.00,VDM 10.00-19.00,VDM 10.00-19.00,Off,VDH 13.00-22.00,VDH 13.00-22.00,VDM 14.00-23.00,VDM 14.00-23.00,VDH 13.00-22.00,VDH 13.00-22.00,Off,VDM 14.00-23.00,VDM 16.00-23.00,VDM 16.00-23.00,VDM 12.00-19.00,VDM 12.00-19.00,VDH 15.00-22.00,Off,VDM 12.00-19.00,VDM 16.00-23.00,VDM 12.00-19.00,VDM 16.00-23.00,VDM 16.00-23.00,Off,LOP,VDM 16.00-23.00,VDH 15.00-22.00,VDM 16.00-23.00,VDM 15.00-22.00,VDH 15.00-22.00,VDH 13.00-20.00,Off,VDH 15.00-22.00,VDH 15.00-22.00,VDM 15.00-22.00,VDH 15.00-22.00,VDM 15.00-22.00,VDM 12.00-19.00,Off,VDM 15.00-22.00,VDM 12.00-19.00,VDM 12.00-19.00,JME 13:00-22:00,JME 13:00-22:00,VDH 11.00-20.00,Off,VDM 14.00-23.00,VDM 14.00-23.00,VDM 13.00-22.00,VDM 10.00-19.00,VDM 10.00-19.00,VDH 11.00-20.00,Off,VDM 13.00-22.00,VDM 10.00-19.00,VDM 10.00-19.00,SL,VDH 13.00-22.00,VDH 11.00-20.00,Off,VDM 13.00-22.00,VDM 14.00-23.00,VDM 14.00-23.00,VDH 13.00-22.00,VDH 13.00-22.00,VDH 11.00-20.00,Off,VDM 14.00-23.00,VDM 14.00-23.00,VDM 14.00-23.00,VDH 13.00-22.00,VDM 10.00-19.00,VDH 11.00-20.00,Off,VDM 14.00-23.00,VDH 13.00-22.00,VDM 10.00-19.00,VDM 14.00-23.00,VDM 14.00-23.00,VDH 11.00-20.00,Off,VDM 14.00-23.00,VDH 13.00-22.00,VDM 10.00-19.00,JME 13:00-22:00,JME 13:00-22:00,VDH 11.00-20.00,Off,VDM 14.00-23.00,VDH 13.00-22.00,VDM 10.00-19.00,VDM 14.00-23.00,VDM 14.00-23.00,VDH 11.00-20.00,Off,VDM 14.00-23.00,VDH 13.00-22.00,JME 13:00-22:00,VDH 13.00-22.00,VDH 13.00-22.00,VDH 11.00-20.00,Off,VDH 13.00-22.00,JME 13:00-22:00,JME 13:00-22:00,JME 13:00-22:00,VDH 13.00-22.00,VDH 11.00-20.00,Off,VDH 13.00-22.00,VDH 13.00-22.00,VDH 13.00-22.00,VDH 13.00-22.00,VDH 13.00-22.00,VDH 11.00-20.00,Off,JDH 13:00-22:00,JME 13:00-22:00,JME 13:00-22:00,VDH 13.00-22.00,VDH 13.00-22.00,VDH 11.00-20.00,Off,JDH 13:00-22:00,JME 13:00-22:00,JME 13:00-22:00,VDH 13.00-22.00,VDH 13.00-22.00,VDH 11.00-20.00,Off,JME 13:00-22:00,JME 13:00-22:00,JME 13:00-22:00,VDH 13.00-22.00,VDH 13.00-22.00,VDH 11.00-20.00,Off,JME 13:00-22:00,JME 13:00-22:00,JME 13:00-22:00,VDH 13.00-22.00,VDH 13.00-22.00,VDH 11.00-20.00,Off,VDH 13.00-22.00,,,,,,Off,,,,,,,Off,,
,Juan Fe,"Marina, อังคาร-พฤหัส 9:00-13:00",Wed,0,,FALSE,,,,,,,,,,,,,,,,,,,,,,,,,,,,,,,,,,,,,,,,,,,,,,,,,,,,,,,,,,,,,,,,,,,,,,,,,,,,,,,,,,,,,,,,,,,,,,,,,,,,,,,,,,,,,,,,,,,,,,,,,,,,,,,,,,,,,,,,,,,,,,,,,,,,,,,,,,,,,AIR 13.00-22.00,VDM 10.00-19.00,JDM 10.00-19.00,JDM 10.00-19.00,JME 13:30-22:30,JDM 13:30-22:30,Off,VMN 13.00-22.00,VDM 10.00-19.00,VDM 10.00-19.00,JDH 13:00-22:00,JME 13:30-22:30,JME 13:30-22:30,Off,JME 13:30-22:30,,,,,,,,,,,,,,,,,,,,,,,,,,,,,,,,,,,,,,,,,,,,,,,,,,,,,,,,,,,,,,,,,,,,,,,,,,,,,,,,,,,,,,,,,,,,,,,,,,,,,,,,,,,,,,,,,,,,,,,,,,,,,,,,,,,,,,,,,,,,,,,,,,,,,,,,,,,,,,,,,,,,,,,,,,,,,,,,,,,,,,,,,,,,,,,,,,,,,,,,,,,,,,,,,,,,,,,,,,,,,,,,,,,,,,,,,,,,,,,,,,,,,,,,,,,,,,,,,,,,,,,,,,,,,,,,,,,,,,,,,,,,,,,,,,,,,,,,,,,,,,,,,,,,,,,,,,,,,,,,,,,,,,,,,,,,,,,,,,,,,,,,,,,,,,,,,,,,,,,,,,,,,,,,,,,,,,,,,,,,,,,,,,,,,,,,,,,,,,,,,,,,,,,,,,,,,,,,,,,,,,,,,,,,,,,,,,,,,,,,,,,,,,,,,,,,,,,,,,,,,,,,,,,,,,,,,,,,,,,,,,,,,,,,,,,,,,,,,,,,,,,,,,,,,,,,,,,,,,,,,,,,,,,,,,,,,,,,,,,,,,,,,,,,,,,,,,,,,,,,,,,,,,,,,,,,,,,,,,,,,,,,,,,,,,,,,,,,,,,,,,,,,,,,,,,,,,,,,,,,,,,,,,,,,,,,,,,,,,,,,,,,,,,,,,,,,,,,,,,,,,,,,,,,,,,,,,,,,,,,,,,,,,,,,,,,,,,,,,,
,Nabeel Na,Al Basha (MOE),"JDM
Thu",,,FALSE,,,,,,,,,,,,,,,,,,,,,,,,,,,,,,,,,,,,,,,,,,,,,,,,,,,,,,,,,,,,,,,,,,,,,,,,,,,,,,,,,,,,,,,,,,,,,,,,,,,,,,,,,,,,,,,,,,,,,,,,,,,,,,,,,,,,,,,,,,,,,,,,,,,,,,,,,,,,,,,,,,,,,,,,,,AIR 13.00-22.00,JDM 10.00-19.00,JME 13:00-22:00,VDM 10.00-19.00,VDM 10.00-19.00,JDM 13:30-22:30,JDM 13:30-22:30,VDM 10.00-19.00,Off,VDM 10.00-19.00,VDM 10.00-19.00,JME 13:30-22:30,JME 13:30-22:30,JME 13:30-22:30,VMN 13.00-22.00,Off,VDM 10.00-19.00,VDM 10.00-19.00,JME 13:00-22:00,VDM 13.30-22.30,VDM 13.30-22.30,VMN 13.00-22.00,Off,VMN 13.00-22.00,VMN 13.00-22.00,VMN 13.00-22.00,VDM 13.30-22.30,JME 13:30-22:30,JDH 13:00-22:00,Off,JDH 13:00-22:00,JME 13:30-22:30,JME 13:30-22:30,VMN 13.00-22.00,VMN 13.00-22.00,VMN 13.00-22.00,Off,VNK 12:30-21:30,VNK 12:30-21:30,VNK 12:30-21:30,VMN 13.00-22.00,VNK 12:30-21:30,JDH 13:00-22:00,Off,JME 10:00-19:00,JME 10:00-19:00,JME 10:00-19:00,JDH 13:00-22:00,JDH 13:00-22:00,VDM 10.00-19.00,Off,JME 10:00-19:00,JME 10:00-19:00,JME 10:00-19:00,VDM 13.30-22.30,VDM 10.00-19.00,VDM 10.00-19.00,Off,JME 13:30-22:30,JME 13:30-22:30,JME 13:30-22:30,VDM 13.30-22.30,VDM 10.00-19.00,Off,VDM 10.00-19.00,JME 13:30-22:30,JME 13:30-22:30,JME 13:30-22:30,VMN 13.00-22.00,VMN 13.00-22.00,VMN 13.00-22.00,Off,JME 13:30-22:30,JME 13:30-22:30,JME 13:30-22:30,VMN 13.00-22.00,VMN 13.00-22.00,VMN 13.00-22.00,Off,JDH 13:00-22:00,JDH 13:00-22:00,JDH 13:00-22:00,JME 13:30-22:30,VDM 13.30-22.30,JME 13:30-22:30,Off,JDH 13:00-22:00,JDH 13:00-22:00,JDH 13:00-22:00,JME 13:30-22:30,JME 13:30-22:30,JME 13:30-22:30,Off,JDH 13:00-22:00,JDH 13:00-22:00,JDH 13:00-22:00,JME 13:30-22:30,JME 13:30-22:30,JME 13:30-22:30,Off,JDH 13:00-22:00,JDH 13:00-22:00,JDH 13:00-22:00,JME 13:30-22:30,JME 13:30-22:30,JME 13:30-22:30,Off,JDH 13:00-22:00,JDH 13:00-22:00,JDH 13:00-22:00,JME 14:00-23:00,JME 13:30-22:30,JME 13:30-22:30,Off,JDH 13:30-22:30,JDH 13:30-22:30,JDH 13:30-22:30,JME 13:30-22:30,JME 13:30-22:30,JDH 13:30-22:30,Off,JDH 13:30-22:30,JDH 13:30-22:30,JDH 13:30-22:30,JME 13:30-22:30,JME 13:30-22:30,JDH 14:00-23:00,Off,JDH 13:30-22:30,JDH 13:30-22:30,JDH 13:30-22:30,JME 14:00-23:00,JME 13:30-22:30,JDH 14:00-23:00,Off,JDH 13:30-22:30,JDH 13:30-22:30,JDH 13:30-22:30,SL,JME 13:30-22:30,JDH 13:30-22:30,SL,SL,JDH 13:30-22:30,JME 13:30-22:30,SL,JME 13:30-22:30,JME 13:30-22:30,JDH 13:30-22:30,JDH 13:30-22:30,JDH 13:30-22:30,JME 13:30-22:30,JME 13:30-22:30,JME 13:00-22:00,JDH 13:30-22:30,Off,JDH 12:30-21:30,JDH 12:30-21:30,JDH 12:30-21:30,JDH 12:30-21:30,VDM 10.00-19.00,VDM 10.00-19.00,Off,JDH 12:30-21:30,JDH 12:30-21:30,JDH 12:30-21:30,VDM 10.00-19.00,VDM 10.00-19.00,VDM 10.00-19.00,VMN 12:30-21:30,JDH 12:30-21:30,JDH 12:30-21:30,JDH 12:30-21:30,JDH 12:30-21:30,VMN 12:00-21:00,VMN 12:00-21:00,Off,JDH 12:30-21:30,JDH 12:30-21:30,JDH 12:30-21:30,JDH 12:30-21:30,JME 12:30-21:30,JME 12:30-21:30,Off,JDH 12:30-21:30,JDH 12:30-21:30,JDH 12:30-21:30,JDH 12:30-21:30,JME 12:30-21:30,JME 12:30-21:30,Off,JDH 12:30-21:30,JDH 12:30-21:30,JDH 12:30-21:30,JDH 13:00-22:00,JME 12:30-21:30,JME 12:30-21:30,Off,JDH 10:00-19:00,,,,,,,,,,,,,,,,,,,,,,,,,,,,,,,,,,,,,,,,,,,,,,,,,,,,,,,,,,,,,,,,,,,,,,,,,,,,,,,,,,,,,,,,,,,,,,,,,,,,,,,,,,,,,,,,,,,,,,,,,,,,,,,,,,,,,,,,,,,,,,,,,,,,,,,,,,,,,,,,,,,,,,,,,,,,,,,,,,,,,,,,,,,,,,,,,,,,,,,,,,,,,,,,,,,,,,,,,,,,,,,,,,,,,,,,,,,,,,,,,,,,,,,,,,,,,,,,,,,,,,,,,,,,,,,,,,,,,,,,,,,,,,,,,,,,,,,,,,,,,,,,,,,,,,,,,,,,,,,,,,,,,,,,,,,,,,,,,,,,,,,,,,,,,,,,,,,,,,,,,,,,,,,,,,,,,,,,,,,,,,,,,,,,,,,,,,,,,,,,,,,,,,,,,,,,,,,,,,,,,,,,,,,,,,,,,,,,,,,,,,,,,,,,,,,,,,,,,,,,,,,,,,,,,,,,,,,,,,,,,,,,,,,,,,,,,,,,,,,,,,
,Sandun Ma,Abu Dhabi,Mon,0,,FALSE,,,,,,,,,,,,,,,,,,,,,,,,,,,,,,,,,,,,,,,,,,,,,,,,,,,,,,,,,,,,,,,,,,,,,,,,,,,,,,,,,,,,,,,,,,,,,,,,,,,,,,,,,,,,,,,,,,,,,,,,,,,,,,,,,,,,,,,,,,,,,,,,,,,,,,,,,,,,,,,,,,,,,,,,,,,AIR 10.00-19.00,VYM 13.00-22.00,VYM 13.00-22.00,VYM 13.00-22.00,Off,VAD 13:00-22:00,VAD 13:00-22:00,VAY 13:00-22:00,VAY 13:00-22:00,VYM 13.00-22.00,VYM 13.00-22.00,Off,VAD 13:00-22:00,VAY 13:00-22:00,VAY 13:00-22:00,VYM 13.00-22.00,VYM 13.00-22.00,VYM 13.00-22.00,Off,VAD 13:00-22:00,VAD 13:00-22:00,VAY 13:00-22:00,VAY 13:00-22:00,VYM 13.00-22.00,VYM 13.00-22.00,Off,VAD 13:00-22:00,VAY 13:00-22:00,VAY 13:00-22:00,VYM 13.00-22.00,VYM 13.00-22.00,VAD 13:00-22:00,Off,VAD 13:00-22:00,VAD 13:00-22:00,VAD 13:00-22:00,VAY 13:00-22:00,VAY 13:00-22:00,VRM 13:00-22:00,Off,VAY 13:00-22:00,VAY 13:00-22:00,VRM 13:00-22:00,VAD 13:00-22:00,VAD 13:00-22:00,VAD 13:00-22:00,Off,VAY 13:00-22:00,SL,VAY 13:00-22:00,VAD 13:00-22:00,VAD 13:00-22:00,VAD 13:00-22:00,Off,VAY 13:00-22:00,VAY 13:00-22:00,VAY 13:00-22:00,,,,,,,,,,,,,,,,,,,,,,,,,,,,,,,,,,,,,,,,,,,,,,,,,,,,,,,,,,,,,,,,,,,,,,,,,,,,,,,,,,,,,,,,,,,,,,,,,,,,,,,,,,,,,,,,,,,,,,,,,,,,,,,,,,,,,,,,,,,,,,,,,,,,,,,,,,,,,,,,,,,,,,,,,,,,,,,,,,,,,,,,,,,,,,,,,,,,,,,,,,,,,,,,,,,,,,,,,,,,,,,,,,,,,,,,,,,,,,,,,,,,,,,,,,,,,,,,,,,,,,,,,,,,,,,,,,,,,,,,,,,,,,,,,,,,,,,,,,,,,,,,,,,,,,,,,,,,,,,,,,,,,,,,,,,,,,,,,,,,,,,,,,,,,,,,,,,,,,,,,,,,,,,,,,,,,,,,,,,,,,,,,,,,,,,,,,,,,,,,,,,,,,,,,,,,,,,,,,,,,,,,,,,,,,,,,,,,,,,,,,,,,,,,,,,,,,,,,,,,,,,,,,,,,,,,,,,,,,,,,,,,,,,,,,,,,,,,,,,,,,,,,,,,,,,,,,,,,,,,,,,,,,,,,,,,,,,,,,,,,,,,,,,,,,,,,,,,,,,,,,,,,,,,,,,,,,,,,,,,,,,,,,,,,,,,,,,,,,,,,,,,,,,,,,,,,,,,,,,,,,,,,,,,,,,,,,,,,,,,,,,
,Alexandre Ju,Rashidiya,Sat,0,,TRUE,,,,,,,,,,,,,,,,,,,,,,,,,,,,,,,,,,,,,,,,,,,,,,,,,,,,,,,,,,,,,,,,,,,,,,,,,,,,,,,,,,,,,,,,,,,,,,,,,,,,,,,,,,,,,,,,,,,,,,,,,,,,,,,,,,,,,,,,,,,,,,,,,,,,,,,,,,,,,,,,,,,,,,,,,,,,,,,,,,,,,,,,,,,,,,,,,,,,,,JDM 10.00-19.00,Off,JDM 13:30-22:30,VNK 12:30-21:30,VNK 12:30-21:30,VDM 13.30-22.30,JME 13:30-22:30,JME 13:30-22:30,Off,JME 10:00-19:00,JME 13:30-22:30,JME 13:30-22:30,JME 13:30-22:30,VDM 13.30-22.30,VDM 10.00-19.00,Off,VMN 13.00-22.00,JDH 13:00-22:00,JDH 13:00-22:00,VDM 13.30-22.30,VMN 13.00-22.00,VMN 13.00-22.00,Off,JDH 13:00-22:00,JDH 13:00-22:00,JME 13:30-22:30,JME 13:30-22:30,JME 13:30-22:30,JME 13:30-22:30,Off,VMN 13.00-22.00,VMN 13.00-22.00,VMN 13.00-22.00,JME 13:30-22:30,JME 13:30-22:30,JME 13:30-22:30,Off,VNK 12:30-21:30,VNK 12:30-21:30,VMN 13.00-22.00,JME 13:30-22:30,JME 13:30-22:30,JME 13:30-22:30,Off,VDM 11.00-20.00,VDM 10.00-19.00,VDM 10.00-19.00,VDM 10.00-19.00,VDM 13.30-22.30,VDM 10.00-19.00,Off,VME 13.30-22.30,VME 13.30-22.30,VME 13.30-22.30,JDH 13:30-22:30,VME 13.30-22.30,Off,VMN 13.00-22.00,VME 13.30-22.30,VME 13.30-22.30,VME 13.30-22.30,AIR,AIR,AIR,Off,AIR,VMN 13.00-22.00,VMN 13.00-22.00,AIR,AIR,AIR,Off,AIR,VMN 13.00-22.00,VMN 13.00-22.00,AIR,AIR,AIR,Off,AIR,VMN 13.00-22.00,VMN 13.00-22.00,AIR,AIR,AIR,Off,AIR,VNK 12:30-21:30,AIR,AIR,AIR,AIR,AIR,AIR,Off,AIR,AIR,AIR,AIR,Off,AIR,VNK 12:30-21:30,AIR,AIR,AIR,VNK 12:30-21:30,Off,AIR,AIR,AIR,AIR,AIR,VNK 12:30-21:30,Off,AIR,AIR,AIR,AIR,AIR,AIR,Off,AIR,AIR,Off,AIR,AIR,AIR,AIR,AIR,AIR,AIR,AIR,AIR,AIR,AIR,AIR,AIR,AIR,AIR,AIR,AIR,Off,AIR,AIR,AIR,AIR,AIR,AIR,Off,AIR,AIR,AIR,AIR,AIR,AIR,Off,AIR,AIR,AIR,AIR,AIR,AIR,Off,AIR,AIR,AIR,AIR,AIR,AIR,Off,AIR,AIR,AIR,AIR,AIR,AIR,AIR,AIR,AIR,AIR,AIR,AIR,AIR,AIR,AIR,AIR,AIR,AIR,AIR,AIR,AIR,AIR,AIR,AIR,AIR,AIR,AIR,AIR,AIR,VMF 15:00-22:00,VMF 13:00-22:00,VMF 13:00-22:00,VMF 13:00-22:00,VMF 13:00-22:00,VMF 13:00-22:00,AIR,AIR,AIR,AIR,AIR,SL,AIR,AIR,AIR,AIR,AIR,AIR,AIR,Off,AIR,AIR,AIR,AIR,AIR,AIR,AIR,AIR,AIR,AIR,AIR,AIR,Off,AIR,AIR,AIR,AIR,SL,SL,SL,SL,SL,AIR,AIR,AIR,AIR,AIR,Off,AIR,AIR,AIR,AIR,AIR,AIR,Off,AIR,AIR,AIR,AIR,AIR,AIR,Off,AIR,AIR,AIR,AIR,AIR,AIR,AIR,AIR,AIR,AIR,AIR,AIR,AIR,Off,AIR,AIR,AIR,AIR,AIR,AIR,Off,AIR,AIR,AIR,AIR,AIR,AIR,Off,AIR,AIR,AIR,AIR,AIR,AIR,Off,AIR,AIR,AIR,AIR,AIR,AIR,Off,AIR,AIR,AIR,AIR,AIR,AIR,Off,AIR,AIR,AIR,AIR,AIR,AIR,Off,AIR,AIR,AIR,AIR,AIR,AIR,Off,AIR,AIR,AIR,AIR,AIR,AIR,Off,AIR,AIR,AIR,AIR,AIR,AIR,Off,AIR,AIR,AIR,AIR,AIR,AIR,Off,AIR,AIR,AIR,AIR,AIR,AIR,AIR,AIR,Off,AIR,AIR,AIR,AIR,AIR,AIR,AIR,Off,AIR,AIR,AIR,AIR,AIR,Off,AIR,AIR,AIR,AIR,Off,AIR,AIR,AIR,AIR,AIR,AIR,Off,AIR,AIR,AIR,AIR,AIR,AIR,AIR,AIR,Off,AIR,AIR,AIR,AIR,AIR,AIR,Off,AIR,AIR,AIR,AIR,AIR,AIR,Off,AIR,AIR,AIR,AIR,AIR,AIR,Off,AIR,AIR,AIR,AIR,AIR,AIR,AIR,AIR,AIR,AIR,AIR,AIR,AIR,Off,AIR,AIR,AIR,AIR,AIR,AIR,Off,AIR,AIR,AIR,AIR,AIR,AIR,Off,AIR,AIR,Off,AIR,AIR,AIR,AIR,AIR,AIR,AIR,Off,AIR,AIR,AIR,,AIR,AIR,AIR,AIR,AIR,AIR,,AIR,AIR,AIR,AIR,AIR,Off,AIR,AIR,AIR,AIR,AIR,AIR,Off,AIR,AIR,AIR,AIR,AIR,AIR,Off,AIR,AIR,AIR,AIR,AIR,AIR,Off,AIR,AIR,AIR,AIR,AIR,AIR,Off,AIR,AIR,AIR,AIR,AIR,AIR,Off,AIR,AIR,AIR,AIR,AIR,Off,AIR,AIR,AIR,AIR,AIR,AIR,AIR,Off,AIR,AIR,AIR,AIR,AIR,AIR,Off,AIR,AIR,AIR,AIR,AIR,AIR,Off,AIR,AIR,AIR,AIR,AIR,AIR,Off,AIR,AIR,AIR,AIR,AIR,AIR,Off,AIR,AIR,AIR,AIR,AIR,AIR,Off,AIR,AIR,AIR,AIR,AIR,AIR,AIR,AIR,Off,AIR,AIR,AIR,AIR,Off,AIR,AIR,AIR,AIR,AIR,AIR,Off,AIR,AIR,AIR,AIR,AIR,AIR,Off,AIR,AIR,AIR,AIR,AIR,AIR,Off,AIR,AIR,AIR,AIR,AIR,AIR,Off,AIR,AIR,AIR,AIR,AIR,AIR,Off,Off,AIR,AIR,AIR,AIR,AIR,AIR,AIR,AIR,AIR,AIR,AIR,AIR,Off,AIR,AIR,AIR,AIR,AIR,AIR,AIR,AIR,AIR,AIR,AIR,Off,Off,Off,Off,AIR,AIR,AIR,AIR,AIR,AIR,AIR,AIR,AIR,AIR,AIR,AIR,Off,AIR,AIR,AIR,AIR,AIR,AIR,AIR,AIR,AIR,AIR,AIR,AIR,AIR,Off,AIR,AIR,AIR,AIR,AIR,AIR,Off,AIR,AIR,AIR,AIR,AIR,AIR,Off,AIR,AIR,AIR,AIR
6,Mohid Kh,,Tue,0,,FALSE,,,,,,,,,,,,,,,,,,,,,,,,,,,,,,,,,,,,,,,,,,,,,,,,,,,,,,,,,,,,,,,,,,,,,,,,,,,,,,,,,,,,,,,,,,,,,,,,,,,,,,,,,,,,,,,,,,,,,,,,,,,,,,,,,,,,,,,,,,,,,,,,,,,,,,,,,,,,,,,,,,,,,,,,,,,,,,,,,,,,,,,,,,,,,,,,,,,,,,JME 10:00-19:00,JME 10:00-19:00,Off,JME 10:00-19:00,JME 10:00-19:00,JME 13:30-22:30,JDH 13:00-22:00,JDH 13:00-22:00,JDH 13:00-22:00,JDH 13:00-22:00,VDM 13.30-22.30,VDM 13.30-22.30,Off,VMN 13.00-22.00,VMN 13.00-22.00,JDM 10.00-19.00,VNK 12:30-21:30,VNK 12:30-21:30,VDM 12.30-21.30,Off,JME 13:30-22:30,JME 13:30-22:30,JME 13:30-22:30,VNK 12:30-21:30,VNK 12:30-21:30,VDM 10.00-19.00,Off,VMN 13.00-22.00,VMN 13.00-22.00,JME 13:30-22:30,JDH 13:00-22:00,LOP,VDM 10.00-19.00,Off,VMN 13.00-22.00,VDM 13.30-22.30,VDM 13.30-22.30,VMN 13.00-22.00,VMN 13.00-22.00,JDM 13:30-22:30,Off,JDM 13:30-22:30,VDM 10.00-19.00,VDM 13.30-22.30,VMN 13.00-22.00,VMN 13.00-22.00,JDM 13:30-22:30,Off,JDM 13:30-22:30,JME 13:00-22:00,JME 13:00-22:00,JME 13:00-22:00,JME 13:30-22:30,VDM 13.30-22.30,VDM 13.30-22.30,Off,JDM 13:30-22:30,JDM 13:30-22:30,JME 13:30-22:30,Off,JME 13:30-22:30,VDM 13.30-22.30,Off,JDM 13:30-22:30,JDM 13:30-22:30,JME 13:30-22:30,JME 13:30-22:30,JME 13:30-22:30,VDM 09.30-18.30,Off,VDM 09.30-18.30,VDM 09.30-18.30,JME 13:30-22:30,JME 13:30-22:30,VDM 13.30-22.30,LOP,Off,LOP,LOP,LOP,LOP,LOP,LOP,Off,VDM 09.30-18.30,VDM 09.30-18.30,VDM 09.30-18.30,JME 10:00-19:00,JDM 13:30-22:30,JDM 10.00-19.00,Off,VDM 13.30-22.30,VDM 09.30-18.30,VDM 09.30-18.30,VMN 13.00-22.00,JDM 13:30-22:30,VDM 10.00-19.00,Off,VDM 10.00-19.00,VDM 10.00-19.00,JME 13:30-22:30,JME 13:30-22:30,JDM 13:30-22:30,VDM 10.00-19.00,Off,VDM 13.30-22.30,VDM 10.00-19.00,JME 13:30-22:30,JME 13:30-22:30,JDM 13:30-22:30,VDM 13.30-22.30,Off,JME 13:30-22:30,JDM 13:30-22:30,JME 13:30-22:30,VME 13.30-22.30,VMN 13.00-22.00,JDM 13:30-22:30,Off,JDM 13:00-22:00,VME 13.00-22.00,JME 13:00-22:00,JME 13:00-22:00,VMN 13.00-22.00,JDM 13:30-22:30,Off,JME 13:00-22:00,VDM 10.00-19.00,VDM 10.00-19.00,JME 13:00-22:00,JDM 13:30-22:30,JME 13:00-22:00,Off,VMN 13.00-22.00,JME 13:00-22:00,JME 13:00-22:00,VDM 13.30-22.30,JME 13:00-22:00,LOP,Off,LOP,LOP,JME 13:00-22:00,VMN 13.00-22.00,VMN 13.00-22.00,VMN 13.00-22.00,Off,LOP,VME 13.00-22.00,JME 13:00-22:00,JME 13:00-22:00,JME 13:00-22:00,VME 13.00-22.00,Off,LOP,JME 13:00-22:00,JME 13:00-22:00,VME 11.00-20.00,JDM 10.00-19.00,VMN 13.00-22.00,Off,JDM 13:30-22:30,JDM 13:30-22:30,JME 13:30-22:30,VMN 13.00-22.00,VMN 13.00-22.00,VMN 13.00-22.00,VMN 13.00-22.00,JDM 13:30-22:30,Off,,,,,,,,,,,,,,,,,,,,,,,,,,,,,,,,,,,,,,,,,,,,,,,,,,,,,,,,,,,,,,,,,,,,,,,,,,,,,,,,,,,,,,,,,,,,,,,,,,,,,,,,,,,,,,,,,,,,,,,,,,,,,,,,,,,,,,,,,,,,,,,,,,,,,,,,,,,,,,,,,,,,,,,,,,,,,,,,,,,,,,,,,,,,,,,,,,,,,,,,,,,,,,,,,,,,,,,,,,,,,,,,,,,,,,,,,,,,,,,,,,,,,,,,,,,,,,,,,,,,,,,,,,,,,,,,,,,,,,,,,,,,,,,,,,,,,,,,,,,,,,,,,,,,,,,,,,,,,,,,,,,,,,,,,,,,,,,,,,,,,,,,,,,,,,,,,,,,,,,,,,,,,,,,,,,,,,,,,,,,,,,,,,,,,,,,,,,,,,,,,,,,,,,,,,,,,,,,,,,,,,,,,,,,,,,,,,,,,,,,,,,,,,,,,,,,,,,,,,,,,,,,,,,,,,,,,,,,,,,,,,,,,,,,,,,,,,,,,,,,,,,
,Khaled Al,,Mon,0,,FALSE,,,,,,,,,,,,,,,,,,,,,,,,,,,,,,,,,,,,,,,,,,,,,,,,,,,,,,,,,,,,,,,,,,,,,,,,,,,,,,,,,,,,,,,,,,,,,,,,,,,,,,,,,,,,,,,,,,,,,,,,,,,,,,,,,,,,,,,,,,,,,,,,,,,,,,,,,,,,,,,,,,,,,,,,,,,,,,,,,,,,,,,,,,,,,,,,,,,,,,,,,,,,VDM 10.00-19.00,VDM 10.00-19.00,JME 14:00-23:00,JME 14:00-23:00,JDH 13:00-22:00,JDH 13:00-22:00,Off,JDM 14:00-23:00,SL,JDH 13:00-22:00,JDH 13:00-22:00,VDM 13.30-22.30,VNK 12:30-21:30,Off,JDM 14:00-23:00,VDM 14.00-23.00,VDM 14.00-23.00,VDM 15.00-00.00,VDM 15.00-00.00,JDM 14:00-23:00,Off,JDM 14:00-23:00,SL,VDM 14.00-23.00,VDM 15.00-00.00,VDM 15.00-00.00,Off,Off,Off,,,,,,,,,,,,,,,,,,,,,,,,,,,,,,,,,,,,,,,,,,,,,,,,,,,,,,,,,,,,,,,,,,,,,,,,,,,,,,,,,,,,,,,,,,,,,,,,,,,,,,,,,,,,,,,,,,,,,,,,,,,,,,,,,,,,,,,,,,,,,,,,,,,,,,,,,,,,,,,,,,,,,,,,,,,,,,,,,,,,,,,,,,,,,,,,,,,,,,,,,,,,,,,,,,,,,,,,,,,,,,,,,,,,,,,,,,,,,,,,,,,,,,,,,,,,,,,,,,,,,,,,,,,,,,,,,,,,,,,,,,,,,,,,,,,,,,,,,,,,,,,,,,,,,,,,,,,,,,,,,,,,,,,,,,,,,,,,,,,,,,,,,,,,,,,,,,,,,,,,,,,,,,,,,,,,,,,,,,,,,,,,,,,,,,,,,,,,,,,,,,,,,,,,,,,,,,,,,,,,,,,,,,,,,,,,,,,,,,,,,,,,,,,,,,,,,,,,,,,,,,,,,,,,,,,,,,,,,,,,,,,,,,,,,,,,,,,,,,,,,,,,,,,,,,,,,,,,,,,,,,,,,,,,,,,,,,,,,,,,,,,,,,,,,,,,,,,,,,,,,,,,,,,,,,,,,,,,,,,,,,,,,,,,,,,,,,,,,,,,,,,,,,,,,,,,,,,,,,,,,,,,,,,,,,,,,,,,,,
,Apple Ma,Al rigga,Wed,0,,FALSE,,,,,,,,,,,,,,,,,,,,,,,,,,,,,,,,,,,,,,,,,,,,,,,,,,,,,,,,,,,,,,,,,,,,,,,,,,,,,,,,,,,,,,,,,,,,,,,,,,,,,,,,,,,,,,,,,,,,,,,,,,,,,,,,,,,,,,,,,,,,,,,,,,,,,,,,,,,,,,,,,,,,,,,,,,,,,,,,,,,,,,,,,,,,,,,,,,,,,,,,,,,,JDM 10.00-19.00,JDM 13:30-22:30,Off,JDM 10.00-19.00,JME 10:00-19:00,JME 10:00-19:00,VDM 13.30-22.30,JME 13:30-22:30,JME 13:30-22:30,Off,VDM 13.30-22.30,VDH 13.00-22.00,VDH 13.00-22.00,VDH 13.00-22.00,VDM 13.30-22.30,VME 10.00-19.00,Off,VDH 13.00-22.00,VDH 13.00-22.00,VDH 13.00-22.00,VDH 13.00-22.00,VME 13.30-22.30,VME 10.00-19.00,Off,VDH 13.00-22.00,VDH 13.00-22.00,VDH 13.00-22.00,SL,VME 13.00-22.00,VME 13.30-22.30,Off,VDH 13.00-22.00,VDH 13.00-22.00,VDH 13.00-22.00,VDM 13.30-22.30,VME 13.30-22.30,VDH 13.00-22.00,Off,Off,Off,VDH 13.00-22.00,VDM 13.30-22.30,VME 13.30-22.30,VDH 13.00-22.00,Off,VDH 13.00-22.00,VDH 13.00-22.00,VDH 13.00-22.00,VME 13.30-22.30,JME 13:30-22:30,VME 13.30-22.30,VME 13.30-22.30,VDH 13.00-22.00,VDH 13.00-22.00,Off,VME 13.30-22.30,VME 13.30-22.30,VME 13.30-22.30,Off,VDH 13.00-22.00,VDH 13.00-22.00,VDH 13.00-22.00,VME 13.30-22.30,VME 13.30-22.30,VME 13.30-22.30,Off,VDM 11.30-20.30,VDH 13.00-22.00,VDH 13.00-22.00,VME 13.30-22.30,VME 13.30-22.30,VME 13.30-22.30,Off,VDH 13.00-22.00,VDH 13.00-22.00,VDH 13.00-22.00,VDH 13.00-22.00,VME 13.30-22.30,Off,VME 13.30-22.30,VME 13.30-22.30,VDH 13.00-22.00,VDH 13.00-22.00,VDH 13.00-22.00,VME 13.00-22.00,Off,VME 13.30-22.30,VME 13.30-22.30,VDH 13.00-22.00,VDH 13.00-22.00,VDM 13.30-22.30,VDM 13.30-22.30,Off,VDH 13.00-22.00,VDH 13.00-22.00,VDH 13.00-22.00,VDM 13.30-22.30,VDM 13.30-22.30,VME 12.00-21.00,Off,LOP,VDH 13.00-22.00,VDH 13.00-22.00,VDM 13.30-22.30,VDM 10.00-19.00,VME 13.00-22.00,Off,VDH 13.00-22.00,VDH 13.00-22.00,VDH 13.00-22.00,VDM 13.30-22.30,VDM 13.30-22.30,VME 13.30-22.30,Off,VDM 10.00-19.00,VDH 13.00-22.00,VDM 13.30-22.30,VDM 13.30-22.30,VDM 13.30-22.30,VME 13.30-22.30,Off,JDM 13:30-22:30,JDM 13:30-22:30,VDM 13.30-22.30,VDM 13.30-22.30,VDM 13.30-22.30,VDH 13.00-22.00,Off,VDM 10.00-19.00,VME 10.00-19.00,VME 10.00-19.00,VDM 13.30-22.30,VDM 13.30-22.30,VDM 13.30-22.30,Off,VDM 10.00-19.00,VDM 10.00-19.00,VDM 10.00-19.00,VDM 13.30-22.30,VDM 10.00-19.00,VDM 10.00-19.00,Off,VDM 10.00-19.00,VDM 10.00-19.00,VDM 10.00-19.00,VDM 11.00-20.00,VDH 13.00-22.00,VDH 13.00-22.00,Off,VDM 10.00-19.00,VDM 10.00-19.00,VDM 13.30-22.30,VDM 10.00-19.00,VDM 10.00-19.00,VDM 10.00-19.00,Off,JME 13:00-22:00,VDM 10.00-19.00,VDM 10.00-19.00,VDM 10.00-19.00,VDM 10.00-19.00,VDM 10.00-19.00,Off,JME 13:00-22:00,VDM 14.00-23.00,VDM 14.00-23.00,VDM 14.00-23.00,VDM 14.00-23.00,VDM 14.00-23.00,Off,VDM 14.00-23.00,VDM 14.00-23.00,VDM 16.00-23.00,VDM 16.00-23.00,VDM 16.00-23.00,VDM 16.00-23.00,Off,JME 15:30-22:30,JME 15:30-22:30,JME 15:30-22:30,VDM 17.00-00.00,VDM 16.00-23.00,VDM 16.00-23.00,Off,VDM 17.00-00.00,VDM 16.00-23.00,VDM 16.00-23.00,VDM 17.00-23.00,VDM 17.00-23.00,VDM 17.00-23.00,Off,VDM 17.00-23.00,JME 15:30-22:30,JME 15:30-22:30,JME 13:30-22:30,VDM 15.00-00.00,VDM 15.00-00.00,VDM 14.00-23.00,VDM 10.00-19.00,Off,JDM 13:30-22:30,SL,VDM 10.00-19.00,VDM 10.00-19.00,JME 13:30-22:30,JME 13:30-22:30,JME 13:30-22:30,JDM 14:00-23:00,VDM 13.30-22.30,VDM 14.00-23.00,VDM 13.30-22.30,Off,VDM 10.00-19.00,VDM 10.00-19.00,VDM 10.00-19.00,VDM 10.00-19.00,VDM 10.00-19.00,VDM 14.00-23.00,Off,SL,JME 13:30-22:30,JME 13:30-22:30,JME 13:30-22:30,VDM 14.00-23.00,VDM 14.00-23.00,Off,VDH 13.00-22.00,VDH 13.00-22.00,VDH 13.00-22.00,VDM 14.00-23.00,VDM 14.00-23.00,VDM 14.00-23.00,Off,JME 13:30-22:30,JME 13:30-22:30,JME 13:30-22:30,Off,VDM 14.00-23.00,VDM 14.00-23.00,VDH 13.00-22.00,VDH 13.00-22.00,VDM 10.00-19.00,VDM 10.00-19.00,LOP,LOP,LOP,LOP,LOP,LOP,LOP,LOP,LOP,LOP,LOP,LOP,LOP,LOP,LOP,LOP,LOP,LOP,LOP,LOP,LOP,LOP,LOP,LOP,LOP,LOP,LOP,LOP,LOP,LOP,LOP,LOP,LOP,LOP,LOP,LOP,LOP,LOP,LOP,LOP,LOP,LOP,LOP,LOP,,,,,,,,,,,,,,,,,,,,,,,,,,,,,,,,,,,,,,,,,,,,,,,,,,,,,,,,,,,,,,,,,,,,,,,,,,,,,,,,,,,,,,,,,,,,,,,,,,,,,,,,,,,,,,,,,,,,,,,,,,,,,,,,,,,,,,,,,,,,,,,,,,,,,,,,,,,,,,,,,,,,,,,,,,,,,,,,,,,,,,,,,,,,,,,,,,,,,,,,,,,,,,,,,,,,,,,,,,,,,,,,,,,,,,,,,,,,,,,,,,,,,,,,,,,,,,,,,,,,,,,,,,,,,,,,,,,,,,,,,,,,,,,,,,,,,,,,,,,,,,,,,,,,,,,,,,,,,,,,,,,,,,,,,,,,,,,,,,,,,,,,,,,,,,,,,,,,,,,,,,,,,,,,,,,,,,,,,,,,
,Sakib Ha,,Wed,0,,FALSE,,,,,,,,,,,,,,,,,,,,,,,,,,,,,,,,,,,,,,,,,,,,,,,,,,,,,,,,,,,,,,,,,,,,,,,,,,,,,,,,,,,,,,,,,,,,,,,,,,,,,,,,,,,,,,,,,,,,,,,,,,,,,,,,,,,,,,,,,,,,,,,,,,,,,,,,,,,,,,,,,,,,,,,,,,,,,,,,,,,,,,,,,,,,,,,,,,,,,,,,,,,,AIR,,VDM 10.00-19.00,VDM 10.00-19.00,JDM 10.00-19.00,JDM 13:30-22:30,JDH 13:00-22:00,JDH 13:00-22:00,Off,VDM 13.30-22.30,VDM 13.30-22.30,VMN 13.00-22.00,VMN 13.00-22.00,JME 13:30-22:30,JDM 10.00-19.00,Off,VMN 13.00-22.00,VMN 13.00-22.00,VMN 13.00-22.00,VMN 13.00-22.00,JDH 13:00-22:00,JDH 13:00-22:00,Off,JDM 10.00-19.00,JDM 10.00-19.00,JDM 10.00-19.00,JDH 13:00-22:00,JDM 10.00-19.00,JDH 13:00-22:00,Off,JME 13:30-22:30,VDM 10.00-19.00,VDM 10.00-19.00,VDM 10.00-19.00,,,,,,,,,,,,,,,,,,,,,,,,,,,,,,,,,,,,,,,,,,,,,,,,,,,,,,,,,,,,,,,,,,,,,,,,,,,,,,,,,,,,,,,,,,,,,,,,,,,,,,,,,,,,,,,,,,,,,,,,,,,,,,,,,,,,,,,,,,,,,,,,,,,,,,,,,,,,,,,,,,,,,,,,,,,,,,,,,,,,,,,,,,,,,,,,,,,,,,,,,,,,,,,,,,,,,,,,,,,,,,,,,,,,,,,,,,,,,,,,,,,,,,,,,,,,,,,,,,,,,,,,,,,,,,,,,,,,,,,,,,,,,,,,,,,,,,,,,,,,,,,,,,,,,,,,,,,,,,,,,,,,,,,,,,,,,,,,,,,,,,,,,,,,,,,,,,,,,,,,,,,,,,,,,,,,,,,,,,,,,,,,,,,,,,,,,,,,,,,,,,,,,,,,,,,,,,,,,,,,,,,,,,,,,,,,,,,,,,,,,,,,,,,,,,,,,,,,,,,,,,,,,,,,,,,,,,,,,,,,,,,,,,,,,,,,,,,,,,,,,,,,,,,,,,,,,,,,,,,,,,,,,,,,,,,,,,,,,,,,,,,,,,,,,,,,,,,,,,,,,,,,,,,,,,,,,,,,,,,,,,,,,,,,,,,,,,,,,,,,,,,,,,,,,,,,,,,,,,,,,,,,,,,,,,,,,
,Mint Su,,"Sat, Sun",,,FALSE,,,,,,,,,,,,,,,,,,,,,,,,,,,,,,,,,,,,,,,,,,,,,,,,,,,,,,,,,,,,,,,,,,,,,,,,,,,,,,,,,,,,,,,,,,,,,,,,,,,,,,,,,,,,,,,,,,,,,,,,,,,,,,,,,,,,,,,,,,,,,,,,,,,,,,,,,,,,,,,,,,,,,,,,,,,,,,,,,,,,,,,,,,,,,,,,,,,,,,,,,,,,,,,,,,,,,,,,,,,AIR,AIR,AIR,Off,Off,AIR,AIR,AIR,Off,AIR,AIR,Off,AIR,AIR,AIR,AIR,AIR,Off,Off,AIR,AIR,SL,AIR,AIR,Off,Off,AIR,AIR,Off,AIR,AIR,Off,Off,AIR,AIR,AIR,Off,AIR,AIR,Off,AIR,AIR,,,,,,,,,,,,,,,,,,,,,,,,,,,,,,,,,,,,,,,,,,,,,,,,,,,,,,,,,,,,,,,,,,,,,,,,,,,,,,,,,,,,,,,,,,,,,,,,,,,,,,,,,,,,,,,,,,,,,,,,,,,,,,,,,,,,,,,,,,,,,,,,,,,,,,,,,,,,,,,,,,,,,,,,,,,,,,,,,,,,,,,,,,,,,,,,,,,,,,,,,,,,,,,,,,,,,,,,,,,,,,,,,,,,,,,,,,,,,,,,,,,,,,,,,,,,,,,,,,,,,,,,,,,,,,,,,,,,,,,,,,,,,,,,,,,,,,,,,,,,,,,,,,,,,,,,,,,,,,,,,,,,,,,,,,,,,,,,,,,,,,,,,,,,,,,,,,,,,,,,,,,,,,,,,,,,,,,,,,,,,,,,,,,,,,,,,,,,,,,,,,,,,,,,,,,,,,,,,,,,,,,,,,,,,,,,,,,,,,,,,,,,,,,,,,,,,,,,,,,,,,,,,,,,,,,,,,,,,,,,,,,,,,,,,,,,,,,,,,,,,,,,,,,,,,,,,,,,,,,,,,,,,,,,,,,,,,,,,,,,,,,,,,,,,,,,,,,,,,,,,,,,,,,,,,,,,,,,,,,,,,,,,,,,,,,,,,,,,,,,,,,,,,,,,,
,Hajar Sa,Yas,"VYM
Mon",0,,FALSE,,,,,,,,,,,,,,,,,,,,,,,,,,,,,,,,,,,,,,,,,,,,,,,,,,,,,,,,,,,,,,,,,,,,,,,,,,,,,,,,,,,,,,,,,,,,,,,,,,,,,,,,,,,,,,,,,,,,,,,,,,,,,,,,,,,,,,,,,,,,,,,,,,,,,,,,,,,,,,,,,,,,,,,,,,,,,,,,,,,,,,,,,,,,,,,,,,,,,,,,,,,,,,,,,,,,,,,,,,,,,,,,,,,,,,,,,,,,,,,AIR 10.00-19.00,VYM 13.00-22.00,VYM 13.00-22.00,VYM 13.00-22.00,VYM 13.00-22.00,VYM 13.00-22.00,Off,VYM 13.00-22.00,VYM 13.00-22.00,VYM 13.00-22.00,VYM 13.00-22.00,VYM 13.00-22.00,VYM 13.00-22.00,Off,VYM 13.00-22.00,VYM 13.00-22.00,VYM 13.00-22.00,VYM 13.00-22.00,VYM 13.00-22.00,VYM 13.00-22.00,Off,VYM 13.00-22.00,VYM 13.00-22.00,VYM 13.00-22.00,VYM 13.00-22.00,VYM 13.00-22.00,VYM 13.00-22.00,Off,VYM 10.00-19.00,VYM 10.00-19.00,VYM 13.00-22.00,VYM 13.00-22.00,VYM 13.00-22.00,VYM 13.00-22.00,Off,VYM 10.00-19.00,VYM 10.00-19.00,VYM 13.00-22.00,VYM 13.00-22.00,VYM 13.00-22.00,VYM 13.00-22.00,Off,VYM 10.00-19.00,VYM 10.00-19.00,VYM 13.00-22.00,VYM 13.00-22.00,VYM 13.00-22.00,VYM 13.00-22.00,Off,VYM 10.00-19.00,VYM 10.00-19.00,VYM 13.00-22.00,VYM 13.00-22.00,VYM 13.00-22.00,VYM 13.00-22.00,Off,VYM 13.00-22.00,VYM 13.00-22.00,VYM 13.00-22.00,VYM 13.00-22.00,VYM 13.00-22.00,VYM 13.00-22.00,Off,VYM 13.00-22.00,VYM 13.00-22.00,VYM 13.00-22.00,SL,VYM 13.00-22.00,VYM 13.00-22.00,Off,VYM 13.00-22.00,VYM 13.00-22.00,VYM 13.00-22.00,VYM 13.00-22.00,VYM 13.00-22.00,VYM 13.00-22.00,Off,VYM 13.00-22.00,VYM 13.00-22.00,VYM 13.00-22.00,VYM 13.00-22.00,VYM 13.00-22.00,VYM 13.00-22.00,Off,VYM 13.00-22.00,VYM 13.00-22.00,SL,VYM 13.00-22.00,VYM 13.00-22.00,VYM 13.00-22.00,Off,VYM 13.00-22.00,VYM 13.00-22.00,VYM 13.00-22.00,VYM 13.00-22.00,VYM 13.00-22.00,VYM 13.00-22.00,Off,,,,,,,,,,,,,,,,,,,,,,,,,,,,,,,,,,,,,,,,,,,,,,,,,,,,,,,,,,,,,,,,,,,,,,,,,,,,,,,,,,,,,,,,,,,,,,,,,,,,,,,,,,,,,,,,,,,,,,,,,,,,,,,,,,,,,,,,,,,,,,,,,,,,,,,,,,,,,,,,,,,,,,,,,,,,,,,,,,,,,,,,,,,,,,,,,,,,,,,,,,,,,,,,,,,,,,,,,,,,,,,,,,,,,,,,,,,,,,,,,,,,,,,,,,,,,,,,,,,,,,,,,,,,,,,,,,,,,,,,,,,,,,,,,,,,,,,,,,,,,,,,,,,,,,,,,,,,,,,,,,,,,,,,,,,,,,,,,,,,,,,,,,,,,,,,,,,,,,,,,,,,,,,,,,,,,,,,,,,,,,,,,,,,,,,,,,,,,,,,,,,,,,,,,,,,,,,,,,,,,,,,,,,,,,,,,,,,,,,,,,,,,,,,,,,,,,,,,,,,,,,,,,,,,,,,,,,,,,,,,,,,,,,,,,,,,,,,,,,,,,,,,,,,,,,,,,,,,,,,,,,,,,,,,,,,,,
,Jerby Pe,Abu Dhabi,Tue,0,,TRUE,,,,,,,,,,,,,,,,,,,,,,,,,,,,,,,,,,,,,,,,,,,,,,,,,,,,,,,,,,,,,,,,,,,,,,,,,,,,,,,,,,,,,,,,,,,,,,,,,,,,,,,,,,,,,,,,,,,,,,,,,,,,,,,,,,,,,,,,,,,,,,,,,,,,,,,,,,,,,,,,,,,,,,,,,,,,,,,,,,,,,,,,,,,,,,,,,,,,,,,,,,,,,,,,,,,,,,,,,,,,,,,,,,,,,,,,,,,,,,,,,,,,,,,,,AIR,VAD 13:00-22:00,VAD 13:00-22:00,Off,VAY 13:00-22:00,VAY 13:00-22:00,VRM 13:00-22:00,VRM 13:00-22:00,VAD 13:00-22:00,VAD 13:00-22:00,Off,VAY 13:00-22:00,VAY 13:00-22:00,VRM 13:00-22:00,VRM 13:00-22:00,VAY 13:00-22:00,VAD 13:00-22:00,Off,VAD 13:00-22:00,VRM 13:00-22:00,VRM 13:00-22:00,VAY 14:00-23:00,VAY 14:00-23:00,VAD 13:00-22:00,Off,VAD 13:00-22:00,VRM 13:00-22:00,VRM 13:00-22:00,VAY 14:00-23:00,VAY 14:00-23:00,VAY 13:00-22:00,Off,VAD 13:00-22:00,VAY 13:00-22:00,VAY 13:00-22:00,VAY 14:00-23:00,VAY 14:00-23:00,VAY 13:00-22:00,Off,VRM 13:00-22:00,VAY 13:00-22:00,VAY 13:00-22:00,VAY 14:00-23:00,VAY 14:00-23:00,VAY 13:00-22:00,Off,VAD 13:00-22:00,VRM 13:00-22:00,VAY 13:00-22:00,VAY 14:00-23:00,VAY 14:00-23:00,VAY 13:00-22:00,VYM 12.00-21.00,Off,VAY 10:00-19:00,VAY 13:00-22:00,VAY 14:00-23:00,VAY 14:00-23:00,VAY 13:00-22:00,Off,VAY 13:00-22:00,VAY 13:00-22:00,VAD 13:00-22:00,VAY 14:00-23:00,VAY 14:00-23:00,VAY 13:00-22:00,Off,VRM 13:00-22:00,VAY 13:00-22:00,VAY 13:00-22:00,VAY 14:00-23:00,VAY 14:00-23:00,VAY 13:00-22:00,VYM 13.00-22.00,Off,VAD 13:00-22:00,VAY 13:00-22:00,VAY 13:00-22:00,VAY 13:00-22:00,VAY 13:00-22:00,VYM 13.00-22.00,Off,VRM 13:00-22:00,VAY 13:00-22:00,VAY 13:00-22:00,VAY 13:00-22:00,VAY 13:00-22:00,VYM 13.00-22.00,Off,VAY 13:00-22:00,VAY 13:00-22:00,VAD 13:00-22:00,VYM 13.00-22.00,VAY 12:00-21:00,VAY 12:00-21:00,Off,VAY 12:00-21:00,VYM 13.00-22.00,VYM 13.00-22.00,VYM 13.00-22.00,VAY 12:00-21:00,VAY 12:00-21:00,Off,VRM 13:00-22:00,VYM 13.00-22.00,VYM 13.00-22.00,VYM 13.00-22.00,VAY 12:00-21:00,VAY 12:00-21:00,Off,VAY 12:00-21:00,VYM 13.00-22.00,VYM 13.00-22.00,VYM 13.00-22.00,VAY 12:00-21:00,VAY 12:00-21:00,Off,VRM 13:00-22:00,VYM 13.00-22.00,VYM 13.00-22.00,VYM 13.00-22.00,VAY 12:00-21:00,VAY 12:00-21:00,Off,VYM 13.00-22.00,VYM 13.00-22.00,VYM 13.00-22.00,VYM 15.00-22.00,VAY 14:00-21:00,VAY 14:00-21:00,Off,VRM 15:00-22:00,VYM 15.00-22.00,VYM 15.00-22.00,VYM 15.00-22.00,VAY 14:00-21:00,VAY 14:00-21:00,Off,VYM 15.00-22.00,VYM 15.00-22.00,VYM 15.00-22.00,VYM 15.00-22.00,VAY 14:00-21:00,VAY 14:00-21:00,Off,VRM 15:00-22:00,VAY 14:00-21:00,VYM 15.00-22.00,VYM 15.00-22.00,VYM 13.00-22.00,VYM 13.00-22.00,VYM 13.00-22.00,VAY 12:00-21:00,VAY 12:00-21:00,Off,VYM 13.00-22.00,VYM 13.00-22.00,VAY 12:00-21:00,Off,VYM 13.00-22.00,VYM 13.00-22.00,VYM 13.00-22.00,VYM 13.00-22.00,VAY 12:00-21:00,VAY 12:00-21:00,Off,VYM 13.00-22.00,VYM 13.00-22.00,VYM 13.00-22.00,VYM 13.00-22.00,VAY 12:00-21:00,VAY 12:00-21:00,VAY 12:00-21:00,Off,VYM 13.00-22.00,VYM 13.00-22.00,VYM 13.00-22.00,VAY 12:00-21:00,VAY 12:00-21:00,VRM 13:00-22:00,Off,VYM 13.00-22.00,VYM 13.00-22.00,VYM 13.00-22.00,VAY 12:00-21:00,VAY 12:00-21:00,VAY 12:00-21:00,Off,VYM 13.00-22.00,VYM 13.00-22.00,VYM 13.00-22.00,VAY 12:00-21:00,VAY 12:00-21:00,VRM 13:00-22:00,Off,VYM 13.00-22.00,VYM 13.00-22.00,VAY 13:00-22:00,VYM 13.00-22.00,Off,VAY 13:00-22:00,VYM 13.00-22.00,VAY 13:00-22:00,VYM 13.00-22.00,VAY 13:00-22:00,VYM 13.00-22.00,Off,VRM 13:00-22:00,VYM 13.00-22.00,VAY 13:00-22:00,VYM 13.00-22.00,VAY 13:00-22:00,VYM 13.00-22.00,Off,VAY 13:00-22:00,VYM 13.00-22.00,VAY 12:30-22:30,VYM 12.30-22.30,VAY 12:30-22:30,VYM 12.30-22.30,Off,VRM 13:00-22:00,VYM 13.00-22.00,VAY 13:00-22:00,VYM 13.00-22.00,VAY 13:00-22:00,VYM 13.00-22.00,Off,VAY 13:00-22:00,VYM 13.00-22.00,VAY 12:30-22:30,VYM 12.30-22.30,VAY 12:30-22:30,VYM 12.30-22.30,Off,VRM 13:00-22:00,VYM 13.00-22.00,VAY 13:00-22:00,VYM 13.00-22.00,VAY 13:00-22:00,VYM 13.00-22.00,Off,VAY 13:00-22:00,VYM 13.00-22.00,VAY 13:00-22:00,VYM 13.00-22.00,VAY 13:00-22:00,VYM 13.00-22.00,Off,VRM 13:00-22:00,VYM 13.00-22.00,VAY 13:00-22:00,VYM 13.00-22.00,VAY 13:00-22:00,VYM 13.00-22.00,Off,VAY 13:00-22:00,VYM 13.00-22.00,VAY 13:00-22:00,VYM 13.00-22.00,VAY 13:00-22:00,VYM 13.00-22.00,Off,VRM 13:00-22:00,VYM 13.00-22.00,VAY 13:00-22:00,VYM 13.00-22.00,VAY 13:00-22:00,VYM 13.00-22.00,Off,VAY 13:00-22:00,VYM 13.00-22.00,VAY 13:00-22:00,VYM 13.00-22.00,VAY 13:00-22:00,VYM 13.00-22.00,Off,VRM 13:00-22:00,VYM 10.00-19.00,VAY 13:00-22:00,VYM 13.00-22.00,VAY 13:00-22:00,VYM 13.00-22.00,Off,VAY 13:00-22:00,VYM 13.00-22.00,VAY 13:00-22:00,VYM 13.00-22.00,VAY 13:00-22:00,VYM 13.00-22.00,VRM 10:00-19:00,Off,VAY 13:00-22:00,VYM 13.00-22.00,VAY 13:00-22:00,VYM 13.00-22.00,VAY 13:00-22:00,VYM 10.00-19.00,Off,VAY 13:00-22:00,VYM 13.00-22.00,VAY 13:00-22:00,VYM 13.00-22.00,VAY 13:00-22:00,VRM 11:00-20:00,Off,VAY 13:00-22:00,VYM 13.00-22.00,VAY 13:00-22:00,VYM 13.00-22.00,VAY 13:00-22:00,VYM 10.00-19.00,Off,VAY 13:00-22:00,VYM 13.00-22.00,VAY 13:00-22:00,VYM 13.00-22.00,VAY 13:00-22:00,VRM 11:00-20:00,Off,VAY 13:00-22:00,VYM 13.00-22.00,VAY 13:00-22:00,VYM 13.00-22.00,VAY 13:00-22:00,VYM 11.00-20.00,Off,VAY 13:00-22:00,VYM 13.00-22.00,VAY 13:00-22:00,VYM 13.00-22.00,VAY 13:00-22:00,VRM 11:00-20:00,Off,VAY 13:00-22:00,VYM 13.00-22.00,VAY 13:00-22:00,VYM 13.00-22.00,VAY 13:00-22:00,VYM 11.00-20.00,Off,VAY 13:00-22:00,VYM 13.00-22.00,VAY 13:00-22:00,VYM 13.00-22.00,VAY 13:00-22:00,VRM 11:00-20:00,Off,VAY 13:00-22:00,VYM 13.00-22.00,VAY 13:00-22:00,VYM 13.00-22.00,VAY 13:00-22:00,VYM 11.00-20.00,Off,VAY 13:00-22:00,VYM 13.00-22.00,VAY 13:00-22:00,VYM 13.00-22.00,VAY 13:00-22:00,VRM 11:00-20:00,Off,VAY 13:00-22:00,VYM 13.00-22.00,VAY 13:00-22:00,VYM 13.00-22.00,VAY 13:00-22:00,VYM 11.00-20.00,Off,VAY 13:00-22:00,VYM 13.00-22.00,VAY 13:00-22:00,VYM 13.00-22.00,VAY 13:00-22:00,VRM 11:00-20:00,Off,VAY 13:00-22:00,VYM 13.00-22.00,VAY 13:00-22:00,VYM 13.00-22.00,VAY 13:00-22:00,VYM 11.00-20.00,Off,VAY 13:00-22:00,VYM 13.00-22.00,VAY 13:00-22:00,VYM 10.00-19.00,VAY 13:00-22:00,VRM 11:00-20:00,Off,VAY 13:00-22:00,VYM 13.00-22.00,VAY 13:00-22:00,VYM 13.00-22.00,VAY 13:00-22:00,VAY 13:00-22:00,VYM 13.00-22.00,VAY 13:00-22:00,Off,VYM 13.00-22.00,VAY 13:00-22:00,VYM 13.00-22.00,VAY 13:00-22:00,VYM 13.00-22.00,VRM 10:00-19:00,Off,VYM 13.00-22.00,VAY 13:00-22:00,VYM 13.00-22.00,VAY 13:00-22:00,VYM 13.00-22.00,VAY 10:00-19:00,Off,VYM 13.00-22.00,VAY 13:00-22:00,VYM 13.00-22.00,VAY 13:00-22:00,VYM 13.00-22.00,VAY 13:00-22:00,Off,VYM 13.00-22.00,VAY 13:00-22:00,VYM 13.00-22.00,VAY 13:00-22:00,VYM 13.00-22.00,VAY 13:00-22:00,Off,VYM 13.00-22.00,VAY 13:00-22:00,VYM 13.00-22.00,VAY 13:00-22:00,VYM 13.00-22.00,VAY 13:00-22:00,Off,VYM 13.00-22.00,VAY 13:00-22:00,VYM 13.00-22.00,VAY 11:00-20:00,Off,VYM 13.00-22.00,VAY 13:00-22:00,VYM 13.00-22.00,VAY 13:00-22:00,VYM 13.00-22.00,VRM 11:00-20:00,Off,VYM 13.00-22.00,VAY 13:00-22:00,VYM 13.00-22.00,VAY 13:00-22:00,VYM 13.00-22.00,VAY 11:00-20:00,Off,VYM 13.00-22.00,VAY 13:00-22:00,VYM 13.00-22.00,VAY 13:00-22:00,VYM 13.00-22.00,VRM 11:00-20:00,Off,VYM 13.00-22.00,VAY 13:00-22:00,VYM 13.00-22.00,VAY 13:00-22:00,VYM 13.00-22.00,VAY 11:00-20:00,Off,VYM 13.00-22.00,VAY 13:00-22:00,VYM 13.00-22.00,VAY 13:00-22:00,VYM 13.00-22.00,VRM 10:00-19:00,Off,VYM 15.00-22.00,VAY 15:00-22:00,VYM 15.00-22.00,VAY 15:00-22:00,VYM 15.00-22.00,VAY 13:00-20:00,Off,VYM 15.00-22.00,VAY 15:00-22:00,VYM 15.00-22.00,VAY 15:00-22:00,Off,VAY 13:00-20:00,VAY 13:00-20:00,VAY 13:00-20:00,VAY 13:00-20:00,VAY 13:00-20:00,VAY 13:00-20:00,VAY 13:00-20:00,VAY 13:00-20:00,Off,VAY 13:00-20:00,VAY 13:00-20:00,VAY 13:00-20:00,VAY 13:00-20:00,VAY 13:00-20:00,VAY 13:00-20:00,Off,VAY 13:00-20:00,VAY 13:00-20:00,VYM 12.00-21.00,VAY 12:00-21:00,VYM 12.00-21.00,VAY 11:00-20:00,Off,LOP,VAY 12:00-21:00,VYM 13.00-22.00,VAY 13:00-22:00,VYM 12.00-21.00,SL,Off,VYM 12.00-21.00,VAY 12:00-21:00,VYM 12.00-21.00,VAY 12:00-21:00,VYM 12.00-21.00,VAY 11:00-20:00,Off,VYM 12.00-21.00,VAY 12:00-21:00,VYM 12.00-21.00,VAY 12:00-21:00,VYM 12.00-21.00,VAY 11:00-20:00,Off,VYM 12.00-21.00,VAY 12:00-21:00,VYM 12.00-21.00,VAY 12:00-21:00,VYM 12.00-21.00,VAY 11:00-20:00,Off,VYM 12.00-21.00,VAY 12:00-21:00,VYM 12.00-21.00,VAY 12:00-21:00,VYM 12.00-21.00,VAY 11:00-20:00,Off,VYM 12.00-21.00,VAY 12:00-21:00,VYM 12.00-21.00,VAY 12:00-21:00,VYM 12.00-21.00,VAY 11:00-20:00,Off,VYM 12.00-21.00,VAY 12:00-21:00,VYM 12.00-21.00,VAY 12:00-21:00,VYM 12.00-21.00,VAY 12:00-21:00,Off,VYM 12.00-21.00,VAY 12:00-21:00,VYM 12.00-21.00,VAY 12:00-21:00,VYM 12.00-21.00,VAY 12:00-21:00,Off,VYM 12.00-21.00,VAY 12:00-21:00,VYM 12.00-21.00,VAY 12:00-21:00,VYM 12.00-21.00,VAY 12:00-21:00,Off,VYM 12.00-21.00,VAY 12:00-21:00,VYM 12.00-21.00,VAY 12:00-21:00,VYM 12.00-21.00,VAY 12:00-21:00,Off,SL,VYM 12.00-21.00,VAY 12:00-21:00,VYM 12.00-21.00,VAY 12:00-21:00,VRM 11:00-20:00,VAY 12:00-21:00,Off,VYM 12.00-21.00,VAY 12:00-21:00,VYM 12.00-21.00,VAY 12:00-21:00,VYM 13.00-22.00,Off,VYM 12.00-21.00,VAY 12:00-21:00,VYM 12.00-21.00,VAY 12:00-21:00,VYM 12.00-21.00,VRM 11:00-20:00,Off,VYM 12.00-21.00,VAY 12:00-21:00,VYM 12.00-21.00,VAY 12:00-21:00,VYM 12.00-21.00,VAY 12:00-21:00,Off,VYM 12.00-21.00,VAY 12:00-21:00,VYM 12.00-21.00,VAY 12:00-21:00,VYM 12.00-21.00,VRM 11:00-20:00,Off,VYM 12.00-21.00,VAY 12:00-21:00,VYM 12.00-21.00,VAY 12:00-21:00,VYM 12.00-21.00,VAY 12:00-21:00,Off,VYM 12.00-21.00
,Amine Ch,,"VDM
Wed",0,,FALSE,,,,,,,,,,,,,,,,,,,,,,,,,,,,,,,,,,,,,,,,,,,,,,,,,,,,,,,,,,,,,,,,,,,,,,,,,,,,,,,,,,,,,,,,,,,,,,,,,,,,,,,,,,,,,,,,,,,,,,,,,,,,,,,,,,,,,,,,,,,,,,,,,,,,,,,,,,,,,,,,,,,,,,,,,,,,,,,,,,,,,,,,,,,,,,,,,,,,,,,,,,,,,,,,,,,,,,,,,,,,,,,,,,,,,,,,,,,,,,,,,,,,,,,,,AIR,VMN 13.00-22.00,JME 13:30-22:30,VMN 13.00-22.00,VMN 13.00-22.00,Off,JME 13:30-22:30,VMN 13.00-22.00,VMN 13.00-22.00,VMN 13.00-22.00,VMN 13.00-22.00,JDM 13:30-22:30,Off,JME 13:30-22:30,LOP,VDM 15.00-00.00,VDM 15.00-00.00,JDM 14:00-23:00,VDM 14.00-23.00,Off,JDM 14:00-23:00,JDM 15:00-00:00,JDM 15:00-00:00,SL,JDM 15:00-00:00,SL,Off,JDM 15:00-00:00,LOP,JDM 15:00-00:00,JDM 13:30-22:30,JDM 13:30-22:30,JDH 14:00-23:00,Off,JDH 14:00-23:00,JME 13:30-22:30,JME 14:00-23:00,JME 13:30-22:30,LOP,LOP,,,,,,,,,,,,,,,,,,,,,,,,,,,,,,,,,,,,,,,,,,,,,,,,,,,,,,,,,,,,,,,,,,,,,,,,,,,,,,,,,,,,,,,,,,,,,,,,,,,,,,,,,,,,,,,,,,,,,,,,,,,,,,,,,,,,,,,,,,,,,,,,,,,,,,,,,,,,,,,,,,,,,,,,,,,,,,,,,,,,,,,,,,,,,,,,,,,,,,,,,,,,,,,,,,,,,,,,,,,,,,,,,,,,,,,,,,,,,,,,,,,,,,,,,,,,,,,,,,,,,,,,,,,,,,,,,,,,,,,,,,,,,,,,,,,,,,,,,,,,,,,,,,,,,,,,,,,,,,,,,,,,,,,,,,,,,,,,,,,,,,,,,,,,,,,,,,,,,,,,,,,,,,,,,,,,,,,,,,,,,,,,,,,,,,,,,,,,,,,,,,,,,,,,,,,,,,,,,,,,,,,,,,,,,,,,,,,,,,,,,,,,,,,,,,,,,,,,,,,,,,,,,,,,,,,,,,,,,,,,,,,,,,,,,,,,,,,,,,,,,,,,,,,,,,,,,,,,,,,,,,,,,,,,,,,,,,,,,,,,,,,,,,,,,,,,,,,,,,,,,,,,,,,,,,,,,,,,,,,,,,
"VME, 
VNK",Ahmed No,Al rigga,Wed,0,,TRUE,,,,,,,,,,,,,,,,,,,,,,,,,,,,,,,,,,,,,,,,,,,,,,,,,,,,,,,,,,,,,,,,,,,,,,,,,,,,,,,,,,,,,,,,,,,,,,,,,,,,,,,,,,,,,,,,,,,,,,,,,,,,,,,,,,,,,,,,,,,,,,,,,,,,,,,,,,,,,,,,,,,,,,,,,,,,,,,,,,,,,,,,,,,,,,,,,,,,,,,,,,,,,,,,,,,,,,,,,,,,,,,,,,,,,,,,,,,,,,,,,,,,,,,,,,,,,AIR,JDH 13:00-22:00,JDH 13:00-22:00,VNK 13:30-22:30,VNK 13:00-22:00,VNK 13:00-22:00,VNK 13:00-22:00,Off,JDH 13:00-22:00,JDH 13:00-22:00,VNK 13:00-22:00,VME 13.00-22.00,VME 13.00-22.00,VMN 13.00-22.00,Off,VMN 13.00-22.00,VME 13.00-22.00,VME 13.00-22.00,VME 13.00-22.00,VME 13.00-22.00,VMN 13.00-22.00,Off,VMN 13.00-22.00,VME 13.00-22.00,VME 13.00-22.00,VME 13.00-22.00,VME 13.00-22.00,VME 13.00-22.00,Off,VME 13.00-22.00,VMN 13.00-22.00,VMN 13.00-22.00,VME 13.00-22.00,VME 13.00-22.00,VME 13.00-22.00,Off,VME 13.00-22.00,VMN 13.00-22.00,VMN 13.00-22.00,VME 13.00-22.00,VME 13.00-22.00,VME 13.00-22.00,Off,JDM 13:00-22:00,JME 13:00-22:00,VME 13.00-22.00,VME 13.00-22.00,VME 13.00-22.00,VME 13.00-22.00,Off,VME 13.00-22.00,VME 13.00-22.00,VME 13.00-22.00,VME 13.00-22.00,VME 13.00-22.00,VME 13.00-22.00,Off,VME 13.00-22.00,VME 13.00-22.00,VME 13.00-22.00,JME 13:00-22:00,VME 13.00-22.00,VME 13.00-22.00,Off,VME 13.00-22.00,VMN 13.00-22.00,VME 13.00-22.00,VME 13.00-22.00,VME 13.00-22.00,VME 13.00-22.00,Off,VME 13.00-22.00,VME 13.00-22.00,VME 13.00-22.00,VME 13.00-22.00,VME 13.00-22.00,VMN 13.00-22.00,Off,VME 13.00-22.00,VME 13.00-22.00,VME 13.00-22.00,VME 13.00-22.00,VME 13.00-22.00,VMN 13.00-22.00,Off,VME 13.00-22.00,VME 13.00-22.00,VME 13.00-22.00,VME 13.00-22.00,VME 13.00-22.00,VME 13.00-22.00,Off,VME 13.00-22.00,JDM 13:00-22:00,VME 13.00-22.00,VME 13.00-22.00,VME 13.00-22.00,JME 13:00-22:00,Off,VME 13.00-22.00,VME 13.00-22.00,VME 13.00-22.00,JME 13:00-22:00,VME 13.00-22.00,VME 13.00-22.00,Off,VME 13.00-22.00,SL,JDM 13:00-22:00,VME 13.00-22.00,VME 13.00-22.00,VME 13.00-22.00,Off,VME 13.00-22.00,SL,JDM 13:00-22:00,JME 13:00-22:00,JDM 13:00-22:00,JDM 13:00-22:00,Off,VME 13.00-22.00,VME 13.00-22.00,VME 13.00-22.00,VME 15.00-22.00,VME 15.00-22.00,JDM 15:00-22:00,Off,VME 15.00-22.00,VME 15.00-22.00,VME 15.00-22.00,VME 15.00-22.00,VME 15.00-22.00,JDM 15:00-22:00,Off,VME 15.00-22.00,VME 15.00-22.00,VME 15.00-22.00,VME 15.00-22.00,VME 15.00-22.00,VME 15.00-22.00,Off,VME 15.00-22.00,VME 15.00-22.00,JDM 15:00-22:00,JDM 15:00-22:00,VME 13.00-22.00,VME 13.00-22.00,VME 13.00-22.00,VME 13.00-22.00,VME 13.00-22.00,VME 13.00-22.00,JDH 13:00-22:00,JDH 13:00-22:00,JME 13:00-22:00,Off,LOP,VME 13.00-22.00,VNK 12:30-21:30,VNK 12:30-21:30,VNK 12:30-21:30,JDH 13:00-22:00,VME 13.00-22.00,Off,JDH 13:00-22:00,VME 13.00-22.00,VME 13.00-22.00,VME 13.00-22.00,JME 13:00-22:00,Off,VME 13.00-22.00,VME 13.00-22.00,VME 13.00-22.00,VME 13.00-22.00,VME 13.00-22.00,VME 13.00-22.00,Off,VME 13.00-22.00,VME 13.00-22.00,VME 13.00-22.00,JDH 13:00-22:00,JDH 13:00-22:00,JDM 13:00-22:00,Off,SL,SL,VME 13.00-22.00,VME 13.00-22.00,JDM 13:00-22:00,JDM 13:00-22:00,Off,VME 13.00-22.00,VME 13.00-22.00,VME 13.00-22.00,VME 13.00-22.00,JDM 13:00-22:00,JDM 13:00-22:00,Off,VME 13.00-22.00,VME 13.00-22.00,VME 13.00-22.00,JDH 13:00-22:00,JDM 13:00-22:00,JDM 13:00-22:00,Off,VME 13.00-22.00,VME 13.00-22.00,VME 13.00-22.00,JDH 13:00-22:00,VME 13.00-22.00,VME 13.00-22.00,Off,VME 13.00-22.00,VME 12.30-22.30,VME 12.30-22.30,VME 12.30-22.30,JDH 12:30-22:30,JDH 13:00-22:00,Off,VME 13.00-22.00,VME 13.00-22.00,VME 13.00-22.00,JDH 13:00-22:00,JDH 13:00-22:00,JDH 13:00-22:00,Off,VME 13.00-22.00,VME 13.00-22.00,VME 13.00-22.00,VME 13.00-22.00,JDH 13:00-22:00,JME 13:00-22:00,Off,VME 13.00-22.00,JME 13:00-22:00,JME 13:00-22:00,JME 13:00-22:00,VME 13.00-22.00,VME 13.00-22.00,Off,VME 13.00-22.00,VME 13.00-22.00,VME 13.00-22.00,VME 13.00-22.00,JDM 14:00-23:00,JDM 14:00-23:00,Off,VME 13.00-22.00,JDH 13:00-22:00,JME 13:30-22:30,JME 13:30-22:30,VME 13.00-22.00,VME 13.00-22.00,Off,VME 13.00-22.00,VME 13.00-22.00,VME 13.00-22.00,VME 13.00-22.00,VME 13.00-22.00,JDM 14:00-23:00,Off,VME 13.00-22.00,JDH 13:00-22:00,JDH 13:00-22:00,JDH 13:00-22:00,JDM 14:00-23:00,JDM 14:00-23:00,Off,LOP,VME 13.00-22.00,VME 13.00-22.00,VME 13.00-22.00,VME 13.00-22.00,VME 13.00-22.00,Off,VME 13.00-22.00,JME 13:00-22:00,JME 13:00-22:00,JME 13:00-22:00,VME 13.00-22.00,VME 13.00-22.00,Off,VME 13.00-22.00,JME 13:00-22:00,JME 13:00-22:00,JME 13:00-22:00,VME 13.00-22.00,VME 13.00-22.00,Off,VME 13.00-22.00,VNK 12:30-21:30,VNK 12:30-21:30,VNK 12:30-21:30,VME 13.00-22.00,VME 13.00-22.00,Off,VME 13.00-22.00,VME 13.00-22.00,VME 13.00-22.00,VME 13.00-22.00,JDM 14:00-23:00,JDM 14:00-23:00,Off,VME 13.00-22.00,VME 13.00-22.00,VME 13.00-22.00,VME 13.00-22.00,JDM 14:00-23:00,JDM 14:00-23:00,Off,VME 13.00-22.00,VME 13.00-22.00,JDH 13:30-22:30,LOP,JDM 14:00-23:00,JDM 14:00-23:00,Off,VME 13.00-22.00,VME 13.00-22.00,VME 13.00-22.00,VME 13.00-22.00,JDM 14:00-23:00,JDM 14:00-23:00,Off,VME 13.00-22.00,VME 13.00-22.00,JDH 13:30-22:30,JDH 13:30-22:30,JDM 14:00-23:00,JDM 14:00-23:00,Off,VME 13.00-22.00,VME 13.00-22.00,VME 13.00-22.00,VME 13.00-22.00,JDM 14:00-23:00,JDM 14:00-23:00,Off,VME 13.00-22.00,VME 13.00-22.00,VME 13.00-22.00,JME 13:00-22:00,JDM 14:00-23:00,JDM 14:00-23:00,Off,VME 13.00-22.00,VME 13.00-22.00,JDH 13:00-22:00,JDH 13:00-22:00,JDM 14:00-23:00,JDM 14:00-23:00,Off,VME 13.00-22.00,VME 13.00-22.00,VME 13.00-22.00,JDM 14:00-23:00,JDM 14:00-23:00,JDM 14:00-23:00,Off,VME 13.00-22.00,VME 13.00-22.00,VME 13.00-22.00,VME 13.00-22.00,VME 13.00-22.00,JDM 14:00-23:00,Off,VME 13.00-22.00,VME 13.00-22.00,VME 13.00-22.00,JDH 13:00-22:00,JDH 13:00-22:00,JDM 14:00-23:00,Off,SL,VME 13.00-22.00,JME 13:00-22:00,JME 13:00-22:00,VME 13.00-22.00,VME 13.00-22.00,Off,VME 13.00-22.00,VME 13.00-22.00,VME 13.00-22.00,VME 13.00-22.00,JDM 14:00-23:00,JDM 14:00-23:00,Off,VME 13.00-22.00,VME 13.00-22.00,VME 13.00-22.00,VME 13.00-22.00,JDM 14:00-23:00,JDM 14:00-23:00,VME 13.00-22.00,VME 13.00-22.00,Off,VME 13.00-22.00,VME 13.00-22.00,VME 13.00-22.00,JDM 14:00-23:00,Off,VME 13.00-22.00,VME 13.00-22.00,VME 13.00-22.00,VME 13.00-22.00,JME 13:00-22:00,JDM 13:30-22:30,Off,VME 13.00-22.00,VME 13.00-22.00,VME 13.00-22.00,VME 13.00-22.00,VME 13.00-22.00,VME 13.00-22.00,VME 13.00-22.00,VME 13.00-22.00,VME 13.00-22.00,VME 13.00-22.00,VME 13.00-22.00,VME 13.00-22.00,SL,VME 13.00-22.00,VME 13.00-22.00,VME 13.00-22.00,VME 13.00-22.00,VME 13.00-22.00,VME 13.00-22.00,VME 13.00-22.00,Off,VME 13.00-22.00,VME 13.00-22.00,VME 13.00-22.00,VME 13.00-22.00,VME 13.00-22.00,SL,Off,VME 13.00-22.00,VME 13.00-22.00,VME 13.30-22.30,VME 13.30-22.30,VME 13.30-22.30,JME 13:00-22:00,Off,VME 13.30-22.30,VME 13.30-22.30,VME 13.30-22.30,VME 13.30-22.30,VME 13.30-22.30,JDH 13:00-22:00,Off,LOP,VME 13.30-22.30,VME 13.30-22.30,VME 13.30-22.30,VME 13.00-22.00,JME 13:00-22:00,Off,VME 13.00-22.00,VME 13.00-22.00,VME 13.00-22.00,VME 13.00-22.00,VME 13.00-22.00,JME 13:00-22:00,Off,VME 13.00-22.00,VME 13.00-22.00,VME 13.00-22.00,SL,SL,VME 13.00-22.00,Off,VME 15.00-22.00,VME 15.00-22.00,VME 15.00-22.00,VME 15.00-22.00,JDH 15:00-22:00,JDH 15:00-22:00,Off,VME 15.00-22.00,VME 15.00-22.00,VME 15.00-22.00,VME 15.00-22.00,VME 15.00-22.00,JDM 16:00-23:00,Off,VME 15.00-22.00,VME 15.00-22.00,VME 15.00-22.00,VME 15.00-22.00,VME 15.00-22.00,JME 15:00-22:00,Off,VME 15.00-22.00,VME 15.00-22.00,VME 15.00-22.00,VME 15.00-22.00,VME 15.00-22.00,JME 15:00-22:00,VME 15.00-22.00,Off,VME 15.00-22.00,VME 13.00-22.00,VME 13.00-22.00,VME 13.00-22.00,JME 15:00-22:00,Off,VME 13.00-22.00,VME 13.00-22.00,VME 13.00-22.00,VME 13.00-22.00,VME 13.00-22.00,JME 15:00-22:00,Off,VME 13.00-22.00,VME 13.00-22.00,VME 13.00-22.00,VME 13.00-22.00,JDM 14:00-23:00,JDM 14:00-23:00,Off,VME 13.00-22.00,VME 13.00-22.00,VME 13.00-22.00,VME 13.00-22.00,JDM 14:00-23:00,JDM 14:00-23:00,Off,VME 13.00-22.00,VME 13.00-22.00,VME 13.00-22.00,VME 13.00-22.00,JDM 14:00-23:00,JDM 14:00-23:00,Off,VME 13.00-22.00,VME 13.00-22.00,VME 13.00-22.00,VME 13.00-22.00,JDM 14:00-23:00,JDM 14:00-23:00,Off,VME 13.00-22.00,VME 13.00-22.00,VME 13.00-22.00,VME 13.00-22.00,VME 13.00-22.00,JDM 13:00-22:00,VDM 10.00-19.00,VME 13.00-22.00,Off,VDM 10.00-19.00,VDM 10.00-19.00,VDM 14.00-23.00,JDM 13:00-22:00,VDM 10.00-19.00,Off,VDM 14.00-23.00,JME 13:00-22:00,JME 13:00-22:00,VDM 14.00-23.00,JDM 14:00-23:00,VDM 10.00-19.00,Off,VDM 13.00-22.00,VDM 10.00-19.00,VDM 14.00-23.00,Off,VDM 13.00-22.00,VDM 10.00-19.00,VDM 10.00-19.00,VME 13.00-22.00,VME 13.00-22.00,VME 13.00-22.00,VDM 14.00-23.00,VDM 13.00-22.00,VDM 10.00-19.00,Off,VDM 13.00-22.00,JME 13:00-22:00,VDM 10.00-19.00,VDM 13.00-22.00,VDM 13.00-22.00,VDM 10.00-19.00,Off,VDM 10.00-19.00,VDM 10.00-19.00,VDM 10.00-19.00,VDM 13.00-22.00,VDM 13.00-22.00,VDM 13.00-22.00,Off,VDM 10.00-19.00,VDM 10.00-19.00,VDM 10.00-19.00,VDM 10.00-19.00,VDM 10.00-19.00,VDM 10.00-19.00,Off,VDM 14.00-23.00,VDM 14.00-23.00,VDM 14.00-23.00,VDM 14.00-23.00,VDM 14.00-23.00,VDM 14.00-23.00,Off,,,,,,,Off,,,,,,,Off
SDM,Angela Uj,Al Satwa,Wed,0,,TRUE,,,,,,,,,,,,,,,,,,,,,,,,,,,,,,,,,,,,,,,,,,,,,,,,,,,,,,,,,,,,,,,,,,,,,,,,,,,,,,,,,,,,,,,,,,,,,,,,,,,,,,,,,,,,,,,,,,,,,,,,,,,,,,,,,,,,,,,,,,,,,,,,,,,,,,,,,,,,,,,,,,,,,,,,,,,,,,,,,,,,,,,,,,,,,,,,,,,,,,,,,,,,,,,,,,,,,,,,,,,,,,,,,,,,,,,,,,,,,,,,,,,,,,,,,,,,,AIR,Off,JDM 10.00-19.00,JDM 10.00-19.00,JDM 10.00-19.00,JDM 13:30-22:30,JDM 10.00-19.00,JDM 10.00-19.00,Off,JDM 10.00-19.00,JDM 10.00-19.00,JDM 10.00-19.00,JDM 13:30-22:30,JDM 10.00-19.00,JDM 13:30-22:30,Off,JDM 10.00-19.00,JDM 10.00-19.00,JDM 10.00-19.00,JDM 13:30-22:30,VDM 09.30-18.30,JDM 13:30-22:30,Off,VDM 09.30-18.30,JDM 10.00-19.00,JDM 10.00-19.00,VDM 13.30-22.30,VDM 09.30-18.30,Off,JDM 14:00-22:00,JDM 13:30-22:30,JDM 10.00-19.00,JDM 10.00-19.00,VDM 09.30-18.30,VDM 09.30-18.30,VDM 09.30-18.30,Off,JDM 13:30-22:30,AIR 10.00-19.00,AIR 09.00-18.00,VDM 09.30-18.30,AIR 10.00-19.00,SDM 13:00-22:00,Off,SDM 13:00-22:00,SDM 13:00-22:00,SDM 13:00-22:00,SDM 13:00-22:00,SDM 13:00-22:00,SDM 13:00-22:00,Off,SDM 13:00-22:00,SDM 13:00-22:00,SDM 13:00-22:00,SDM 13:00-22:00,SDM 09:30-18:30,SDM 13:00-22:00,SDM 13:00-22:00,SDM 09:30-18:30,SDM 09:30-18:30,SDM 09:30-18:30,SDM 09:30-18:30,SDM 13:00-22:00,SDM 09:30-18:30,Off,SDM 09:30-18:30,SDM 09:30-18:30,SDM 09:30-18:30,SDM 13:00-22:00,SDM,SDM,Off,SDM,SDM,SDM,SDM,SDM,SDM,Off,SDM,SDM,SDM,SDM,SDM,SDM,Off,SDM,SDM,SDM,SDM,SDM,SDM,Off,SDM,SDM,SDM,SDM,SDM,SDM,Off,SDM,SDM,SDM,SDM,SDM,SDM,Off,SDM,SDM,SDM,SDM,SDM,SDM,Off,SDM,SDM,SDM,SDM,SDM,SDM,Off,SDM,SDM,SDM,SDM,SDM,SDM,Off,SDM,SDM,SDM,SDM,SDM,SDM,Off,SDM,SDM,SDM,SDM,SDM,SDM,Off,SDM,SDM,SDM,SDM,SDM,SDM,SDM,SDM,SL,SL,SDM,SDM,SDM,Off,SDM,SDM,SDM,SDM,SDM,SDM,Off,SDM,SDM,SDM,SDM,SDM,SDM,Off,SDM,LOP,LOP,SDM,SDM,SDM,Off,SDM,SDM,SDM,SDM,SDM,SDM,Off,SDM,SDM,SDM,SDM,SDM,SDM,Off,SDM,SDM,SDM,SDM,SDM,SDM,Off,SDM,SDM,SDM,SDM,SDM,SDM,Off,SDM,SDM,SDM,SDM,SDM,SDM,Off,SDM,SDM,SDM,SDM,SDM,SDM,Off,SDM,SDM,SDM,SDM,SDM,SDM,Off,SDM,SDM,SDM,SDM,SDM,SDM,Off,SDM,SDM,SDM,SDM,SDM,SDM,Off,SDM,SDM,SDM,SDM,SDM,SDM,Off,SDM,SDM,SDM,SDM,SDM,SDM,Off,SDM,SDM,SDM,SDM,SDM,SDM,Off,SDM,SDM,SDM,SDM,SDM,SDM,Off,SDM,SDM,SDM,SDM,SDM,SDM,Off,SDM,SDM,SDM,SDM,SDM,SDM,Off,SDM,SDM,SDM,SL,SDM,SDM,Off,SDM,SDM,SDM,SDM,SDM,SDM,Off,SDM,SDM,SDM,SDM,SDM,SDM,Off,SDM,SDM,SDM,SDM,SDM,SDM,Off,SDM,SDM,SDM,SDM,SDM,SDM,Off,SDM,SDM,SDM,SDM,SDM,SDM,Off,SDM,SDM,SDM,SDM,SDM,SDM,Off,SDM,SDM,SDM,SDM,SDM,BDM 13:00-22:00,Off,SDM,SDM,SDM,SDM,SDM,BDM 13:00-22:00,Off,SDM,SDM,SDM,SDM,SDM,BDM 13:00-22:00,BDM 13:00-22:00,SDM,SDM,SDM,Off,SDM,BDM 13:00-22:00,Off,SDM,SDM,SDM,SDM,SDM,BDM 13:00-22:00,Off,SDM,SDM,SDM,SDM,SDM,BDM 13:00-22:00,Off,SDM,SDM,SDM,SDM,SDM,BDM 13:00-22:00,Off,SDM,SDM,SDM,SDM,SDM,BDM 13:00-22:00,Off,SDM,SDM,SDM,SDM,SDM,BDM 13:00-22:00,BDM 13:00-22:00,SDM,Off,SDM,SDM,SDM,BDM 13:00-22:00,Off,SDM,SDM,SDM,SDM,SDM,BDM 13:00-22:00,Off,SDM,SDM,SDM,SDM,SDM,Off,BDM 13:00-22:00,SDM,SDM,SDM,SDM,SDM,Off,BDM 13:00-22:00,SDM,SDM,SDM,SDM,SDM,BDM 13:00-22:00,BDM 13:00-22:00,Off,SDM,SDM,SDM,SDM,BDM 13:00-22:00,Off,SDM,SDM,SDM,SDM,SDM,BDM 13:00-22:00,Off,SDM,SDM,SDM,SDM,SDM,BDM 13:00-22:00,Off,SDM,SDM,BDM 13:00-22:00,SDM,SDM,BDM 13:00-22:00,Off,SDM,SDM,SDM,SDM,SDM,BDM 13:00-22:00,SDM,Off,LOP,LOP,LOP,LOP,LOP,LOP,LOP,LOP,LOP,LOP,LOP,LOP,LOP,LOP,LOP,LOP,LOP,LOP,LOP,Off,LOP,LOP,LOP,LOP,LOP,LOP,Off,LOP,LOP,LOP,LOP,LOP,LOP,Off,LOP,LOP,LOP,SDM,BDM 13:00-22:00,BDM 13:00-22:00,Off,SDM,SDM,SDM,SDM,BDM 13:00-22:00,BDM 13:00-22:00,Off,SDM,SDM,SDM,SDM,SDM,BDM 13:00-22:00,Off,SDM,SDM,SDM,SDM,SDM,BDM 13:00-22:00,Off,SDM,SDM,SDM,SDM,SDM,BDM 13:00-22:00,Off,SDM,SDM,SDM,SDM,SDM,BDM 13:00-22:00,Off,SDM,SDM,SDM,SDM,BDM 13:00-22:00,BDM 13:00-22:00,Off,SDM,SDM,SDM,SDM,BDM 13:00-22:00,BDM 13:00-22:00,Off,SDM,SDM,SDM,SDM,BDM 13:00-22:00,BDM 13:00-22:00,Off,SDM,SDM,SDM,SDM,BDM 13:00-22:00,Off,BDM 13:00-22:00,SDM,SDM,BDM 13:00-22:00,SDM,BDM 13:00-22:00,BDM 13:00-22:00,Off,SDM,SDM,SDM,SDM,BDM 13:00-22:00,BDM 13:00-22:00,Off,SDM,SDM,SDM,SDM,BDM 13:00-22:00,BDM 13:00-22:00,Off,SDM,SDM,SDM,SDM,BDM 13:00-22:00,BDM 13:00-22:00,Off,SDM,SDM,SDM,SDM,BDM 13:00-22:00,BDM 13:00-22:00,Off,SDM,SDM,SDM,SDM,BDM 13:00-22:00,BDM 13:00-22:00,Off,SDM,SDM,SDM,SDM,BDM 13:00-22:00,BDM 13:00-22:00,Off
,Mohamed Ta,,Thu,0,,FALSE,,,,,,,,,,,,,,,,,,,,,,,,,,,,,,,,,,,,,,,,,,,,,,,,,,,,,,,,,,,,,,,,,,,,,,,,,,,,,,,,,,,,,,,,,,,,,,,,,,,,,,,,,,,,,,,,,,,,,,,,,,,,,,,,,,,,,,,,,,,,,,,,,,,,,,,,,,,,,,,,,,,,,,,,,,,,,,,,,,,,,,,,,,,,,,,,,,,,,,,,,,,,,,,,,,,,,,,,,,,,,,,,,,,,,,,,,,,,,,,,,,,,,,,,,,,,,,,,AIR,JME 13:30-22:30,JME 10:00-19:00,SL,LOP,,,,,,,,,,,,,,,,,,,,,,,,,,,,,,,,,,,,,,,,,,,,,,,,,,,,,,,,,,,,,,,,,,,,,,,,,,,,,,,,,,,,,,,,,,,,,,,,,,,,,,,,,,,,,,,,,,,,,,,,,,,,,,,,,,,,,,,,,,,,,,,,,,,,,,,,,,,,,,,,,,,,,,,,,,,,,,,,,,,,,,,,,,,,,,,,,,,,,,,,,,,,,,,,,,,,,,,,,,,,,,,,,,,,,,,,,,,,,,,,,,,,,,,,,,,,,,,,,,,,,,,,,,,,,,,,,,,,,,,,,,,,,,,,,,,,,,,,,,,,,,,,,,,,,,,,,,,,,,,,,,,,,,,,,,,,,,,,,,,,,,,,,,,,,,,,,,,,,,,,,,,,,,,,,,,,,,,,,,,,,,,,,,,,,,,,,,,,,,,,,,,,,,,,,,,,,,,,,,,,,,,,,,,,,,,,,,,,,,,,,,,,,,,,,,,,,,,,,,,,,,,,,,,,,,,,,,,,,,,,,,,,,,,,,,,,,,,,,,,,,,,,,,,,,,,,,,,,,,,,,,,,,,,,,,,,,,,,,,,,,,,,,,,,,,,,,,,,,,,,,,,,,,,,,,,,,,,,,,,,,,,,,,,,,,,,,,,,,,,,,,,,,,,,,,
,Mufti Ja,,"VDM
Sun-Tue",0,,FALSE,,,,,,,,,,,,,,,,,,,,,,,,,,,,,,,,,,,,,,,,,,,,,,,,,,,,,,,,,,,,,,,,,,,,,,,,,,,,,,,,,,,,,,,,,,,,,,,,,,,,,,,,,,,,,,,,,,,,,,,,,,,,,,,,,,,,,,,,,,,,,,,,,,,,,,,,,,,,,,,,,,,,,,,,,,,,,,,,,,,,,,,,,,,,,,,,,,,,,,,,,,,,,,,,,,,,,,,,,,,,,,,,,,,,,,,,,,,,,,,,,,,,,,,,,,,,,,,,,,,,,,,,,,,,AIR 10.00-19.00,JME 13:30-22:30,VMN 13.00-22.00,VNK 12:30-21:30,VNK 12:30-21:30,Off,JDH 13:00-22:00,JDH 13:00-22:00,JME 13:30-22:30,JME 13:30-22:30,LOP,LOP,Off,JDM 10.00-19.00,VMN 13.30-22.30,JME 13:30-22:30,VNK 12:30-21:30,VMN 13.00-22.00,VMN 13.00-22.00,,,,,,,,,,,,,,,,,,,,,,,,,,,,,,,,,,,,,,,,,,,,,,,,,,,,,,,,,,,,,,,,,,,,,,,,,,,,,,,,,,,,,,,,,,,,,,,,,,,,,,,,,,,,,,,,,,,,,,,,,,,,,,,,,,,,,,,,,,,,,,,,,,,,,,,,,,,,,,,,,,,,,,,,,,,,,,,,,,,,,,,,,,,,,,,,,,,,,,,,,,,,,,,,,,,,,,,,,,,,,,,,,,,,,,,,,,,,,,,,,,,,,,,,,,,,,,,,,,,,,,,,,,,,,,,,,,,,,,,,,,,,,,,,,,,,,,,,,,,,,,,,,,,,,,,,,,,,,,,,,,,,,,,,,,,,,,,,,,,,,,,,,,,,,,,,,,,,,,,,,,,,,,,,,,,,,,,,,,,,,,,,,,,,,,,,,,,,,,,,,,JDH 10:00-19:00,JDH 13:00-22:00,JDH 13:00-22:00,JDH 13:00-22:00,JDH 13:00-22:00,VMN 13.30-22.30,Off,BDM 13:30-22:30,BDM 13:00-22:00,VMN 13.30-22.30,JDM 14:00-23:00,JDM 14:00-23:00,BDM 13:00-22:00,Off,BDM 13:00-22:00,BDM 13:00-22:00,JME 13:00-22:00,JME 13:00-22:00,JME 13:00-22:00,JDM 14:00-23:00,Off,BDM 13:00-22:00,BDM 13:00-22:00,BDM 13:00-22:00,JME 13:00-22:00,JME 13:00-22:00,JDH 13:30-22:30,Off,BDM 13:00-22:00,BDM 13:00-22:00,BDM 13:00-22:00,JDH 13:00-22:00,JDM 13:00-22:00,JME 13:00-22:00,Off,BDM 15:00-22:00,BDM 15:00-22:00,JME 15:00-22:00,JME 15:00-22:00,JME 15:00-22:00,JME 15:00-22:00,Off,JDM 16:00-23:00,BDM 15:00-22:00,JDH 15:00-22:00,JDH 15:00-22:00,BDM 15:00-22:00,JME 15:00-22:00,Off,JDM 16:00-23:00,JDH 15:00-22:00,JME 15:00-22:00,JME 15:00-22:00,BDM 15:00-22:00,BDM 15:00-22:00,Off,JDM 16:00-23:00,JDH 15:00-22:00,VMN 15.00-22.00,BDM 15:00-22:00,BDM 15:00-22:00,JDH 15:00-22:00,Off,JDH 15:00-22:00,JDH 15:00-22:00,BDM 13:00-22:00,BDM 13:00-22:00,BDM 13:00-22:00,JDM 14:00-23:00,Off,BDM 13:00-22:00,BDM 13:00-22:00,BDM 13:00-22:00,BDM 13:00-22:00,BDM 13:00-22:00,VMN 13.00-22.00,Off,Off,Off,BDM 13:00-22:00,BDM 13:00-22:00,BDM 13:00-22:00,Off,Off,Off,Off,BDM 13:00-22:00,BDM 13:00-22:00,BDM 13:00-22:00,Off,Off,Off,Off,JDH 13:00-22:00,VDM 14.00-23.00,VDM 14.00-23.00,Off,VDM 10.00-19.00,Off,Off,VDM 10.00-19.00,VDM 10.00-19.00,VDM 14.00-23.00,Off,VDM 10.00-19.00,Off,Off,VDM 10.00-19.00,VDH 13.00-22.00,VDM 14.00-23.00,Off,Off,Off,VME 13.00-22.00,VME 13.00-22.00,VME 13.00-22.00,Off,Off,Off,VME 13.00-22.00,VME 13.00-22.00,VME 13.00-22.00,VME 13.00-22.00,Off,Off,Off,VME 13.00-22.00,VME 13.00-22.00,VME 13.00-22.00,VME 13.00-22.00,LOP,LOP,Off,JME 13:00-22:00,JME 13:00-22:00,JME 13:00-22:00,JME 13:00-22:00,Off,,,,,,,,,,,,,,,,,,,,,,,,,,,,,,,,,,,,,,,,,,,,,
,Milk Kh,,"Sat, Sun",0,,FALSE,,,,,,,,,,,,,,,,,,,,,,,,,,,,,,,,,,,,,,,,,,,,,,,,,,,,,,,,,,,,,,,,,,,,,,,,,,,,,,,,,,,,,,,,,,,,,,,,,,,,,,,,,,,,,,,,,,,,,,,,,,,,,,,,,,,,,,,,,,,,,,,,,,,,,,,,,,,,,,,,,,,,,,,,,,,,,,,,,,,,,,,,,,,,,,,,,,,,,,,,,,,,,,,,,,,,,,,,,,,,,,,,,,,,,,,,,,,,,,,,,,,,,,,,,,,,,,,,,,,,,,,,,,,,,,,,,,,,,,,,AIR 10.00-19.00,VDM 15.00-00.00,VDM 15.00-00.00,Off,JDM 14:00-23:00,VDM 14.00-23.00,VDM 14.00-23.00,JDM 14:00-23:00,VDM 14.00-23.00,LOP,Off,JDM 14:00-23:00,JDM 14:00-23:00,VDM 14.00-23.00,AIR,AIR,VDH 13.00-22.00,Off,VDM 10.00-19.00,VDM 10.00-19.00,VDH 13.00-22.00,VDH 13.00-22.00,JDM 14:00-23:00,VDH 13.00-22.00,Off,VDM 10.00-19.00,VDM 10.00-19.00,VDH 13.00-22.00,VDH 13.00-22.00,JDM 14:00-23:00,VDM 10.00-19.00,Off,VDM 10.00-19.00,VDM 10.00-19.00,LOP,VDH 13.00-22.00,VDM 14.00-23.00,VDM 10.00-19.00,Off,VDM 10.00-19.00,VDH 13.00-22.00,Off,AIR,AIR,VDM 10.00-19.00,AIR,AIR,Off,Off,AIR,AIR,AIR,AIR,AIR,Off,Off,AIR,AIR,AIR,AIR,AIR,Off,Off,AIR,AIR,VDM 10.00-19.00,AIR,AIR,Off,Off,AIR,AIR,VDM 10.00-19.00,AIR,AIR,Off,Off,LOP,LOP,AIR,AIR,LOP,Off,Off,AIR,AIR,AIR,AIR,AIR,Off,Off,AIR,AIR,AIR,AIR,AIR,Off,Off,AIR,AIR,AIR,AIR,AIR,Off,Off,AIR,AIR,AIR,AIR,AIR,Off,Off,AIR,AIR,AIR,Off,AIR,JDM 11:00-18:00,JDM 10.00-19.00,JDM 10.00-19.00,JDM 10.00-19.00,JDM 10.00-19.00,AIR,Off,Off,Off,AIR,AIR,AIR,AIR,AIR,Off,Off,AIR,AIR,AIR,AIR,AIR,Off,Off,Off,Off,Off,Off,Off,Off,Off,AIR,AIR,AIR,AIR,AIR,Off,Off,AIR,AIR,AIR,AIR,AIR,Off,Off,AIR,AIR,AIR,AIR,AIR,Off,Off,AIR,AIR,AIR,AIR,AIR,,,,,,,,,,,,,,,,,,,,,,,,,,,,,,,,,,,,,,,,,,,,,,,,,,,,,,,,,,,,,,,,,,,,,,,,,,,,,,,,,,,,,,,,,,,,,,,,,,,,,,,,,,,,,,,,,,,,,,,,,,,,,,,,,,,,,,,,,,,,,,,,,,,,,,,,,,,,,,,,,,,,,,,,,,,,,,,,,,,,,,,,,,,,,,,,,,,,,,,,,,,,,,,,,,,,,,,,,,,,,,,,,,,,,,,,,,,,,,,,,,,,,,,,,,,,,,,,,,,,,,,,,,,,,,,,,,,,,,,,,,,,,,,,,,,,,,,,,,,,,,,,,,,,,,,,,,,,,,,,,,,,,,,,,,,,,,,,,,,,,,,,,,,,,,,,,,,,,,,,,,,,,,,,,,,,,,,,,,,,,,,,,,,,,,,,,,,,,,,,,,,,,,,,,,,,,,,,,,
,Muhammad Ja,,"Thu
VNK",0,,FALSE,,,,,,,,,,,,,,,,,,,,,,,,,,,,,,,,,,,,,,,,,,,,,,,,,,,,,,,,,,,,,,,,,,,,,,,,,,,,,,,,,,,,,,,,,,,,,,,,,,,,,,,,,,,,,,,,,,,,,,,,,,,,,,,,,,,,,,,,,,,,,,,,,,,,,,,,,,,,,,,,,,,,,,,,,,,,,,,,,,,,,,,,,,,,,,,,,,,,,,,,,,,,,,,,,,,,,,,,,,,,,,,,,,,,,,,,,,,,,,,,,,,,,,,,,,,,,,,,,,,,,,,,,,,,,,,,,,,,,,,,,,,AIR,VME 10.00-19.00,VME 10.00-19.00,VME 10.00-19.00,Off,JDM 13:30-22:30,VMN 13.00-22.00,JME 13:30-22:30,JME 13:30-22:30,JME 13:30-22:30,JME 13:30-22:30,Off,VME 13.00-22.00,VME 13.00-22.00,VME 13.00-22.00,LOP,LOP,LOP,LOP,LOP,LOP,LOP,LOP,LOP,LOP,LOP,LOP,LOP,JME 13:30-22:30,JDH 13:30-22:30,VMN 13.00-22.00,JDH 13:30-22:30,Off,JDM 14:00-23:00,JDM 10.00-19.00,JDM 10.00-19.00,VMN 13.00-22.00,VMN 13.00-22.00,LOP,Off,JDM 14:00-23:00,SL,JME 13:30-22:30,VMN 13.00-22.00,VDH 13.00-22.00,VDH 13.00-22.00,Off,JME 14:00-23:00,JDH 13:30-22:30,Off,VDH 13.00-22.00,VDH 13.00-22.00,VDH 13.00-22.00,JDH 13:30-22:30,JME 13:30-22:30,VDH 13.00-22.00,Off,VDH 13.00-22.00,JME 13:30-22:30,JME 13:30-22:30,JME 13:30-22:30,JME 13:30-22:30,JME 13:30-22:30,Off,SL,SL,VMN 13.00-22.00,VMN 13.00-22.00,JDM 13:30-22:30,VMN 13.00-22.00,Off,VMN 13.00-22.00,JDM 10.00-19.00,JME 13:30-22:30,JME 13:30-22:30,JDM 13:30-22:30,SL,Off,VMN 13.00-22.00,JME 13:30-22:30,JME 13:30-22:30,JME 13:30-22:30,JDM 13:30-22:30,VMN 13.00-22.00,Off,JME 14:00-23:00,JDH 13:30-22:30,JME 13:30-22:30,LOP,JDM 13:30-22:30,JDH 13:30-22:30,VMN 13.00-22.00,VMN 13.00-22.00,JME 15:30-22:30,JDM 15:30-22:30,,,,,,,,,,,,,,,,,,,,,,,,,,,,,,,,,,,,,,,,,,,,,,,,,,,,,,,,,,,,,,,,,,,,,,,,,,,,,,,,,,,,,,,,,,,,,,,,,,,,,,,,,,,,,,,,,,,,,,,,,,,,,,,,,,,,,,,,,,,,,,,,,,,,,,,,,,,,,,,,,,,,,,,,,,,,,,,,,,,,,,,,,,,,,,,,,,,,,,,,,,,,,,,,,,,,,,,,,,,,,,,,,,,,,,,,,,,,,,,,,,,,,,,,,,,,,,,,,,,,,,,,,,,,,,,,,,,,,,,,,,,,,,,,,,,,,,,,,,,,,,,,,,,,,,,,,,,,,,,,,,,,,,,,,,,,,,,,,,,,,,,,,,,,,,,,,,,,,,,,,,,,,,,,,,,,,,,,,,,,,,,,,,,,,,,,,,,,,,,,,,,,,,,,,,,,,,,,,,,,,,,,,,,,,,,,,,,,,,,,,,,,,,,,,,,,,,,,,,,,,,,,,,,,,,,,,,,,,,,,,,,,,,,,,,,,,
,Soufiane Le,,Thu,0,,FALSE,,,,,,,,,,,,,,,,,,,,,,,,,,,,,,,,,,,,,,,,,,,,,,,,,,,,,,,,,,,,,,,,,,,,,,,,,,,,,,,,,,,,,,,,,,,,,,,,,,,,,,,,,,,,,,,,,,,,,,,,,,,,,,,,,,,,,,,,,,,,,,,,,,,,,,,,,,,,,,,,,,,,,,,,,,,,,,,,,,,,,,,,,,,,,,,,,,,,,,,,,,,,,,,,,,,,,,,,,,,,,,,,,,,,,,,,,,,,,,,,,,,,,,,,,,,,,,,,,,,,,,,,,,,,,,,,,,,,,,,,,,,,,,,,,,,,,,,,,,,,,,,,,AIR 10.00-19.00,Off,JME 13:30-22:30,JDH 13:00-22:00,JDH 13:00-22:00,JDM 10.00-19.00,Off,JDM 10.00-19.00,JDM 10.00-19.00,JDM 14:00-23:00,JDH 13:00-22:00,JDH 13:00-22:00,JDH 13:00-22:00,Off,VNK 12:30-21:30,VNK 12:30-21:30,VNK 12:30-21:30,JDM 10.00-19.00,VDM 10.00-19.00,VMN 13.30-22.30,Off,JME 13:30-22:30,VMN 13.00-22.00,VMN 13.00-22.00,JDM 13:30-22:30,JDM 13:30-22:30,JDM 13:30-22:30,Off,VMN 13.00-22.00,VMN 13.00-22.00,VMN 13.00-22.00,VDH 13.00-22.00,JDH 13:30-22:30,JDH 13:30-22:30,Off,VMN 13.00-22.00,VNK 12:30-21:30,VNK 12:30-21:30,VNK 12:30-21:30,JDM 13:30-22:30,JDH 12:30-21:30,Off,VNK 12:30-21:30,VNK 12:30-21:30,SL,VDM 10.00-19.00,VDM 10.00-19.00,JDM 13:30-22:30,Off,,,,,,,,,,,,,,,,,,,,,,,,,,,,,,,,,,,,,,,,,,,,,,,,,,,,,,,,,,,,,,,,,,,,,,,,,,,,,,,,,,,,,,,,,,,,,,,,,,,,,,,,,,,,,,,,,,,,,,,,,,,,,,,,,,,,,,,,,,,,,,,,,,,,,,,,,,,,,,,,,,,,,,,,,,,,,,,,,,,,,,,,,,,,,,,,,,,,,,,,,,,,,,,,,,,,,,,,,,,,,,,,,,,,,,,,,,,,,,,,,,,,,,,,,,,,,,,,,,,,,,,,,,,,,,,,,,,,,,,,,,,,,,,,,,,,,,,,,,,,,,,,,,,,,,,,,,,,,,,,,,,,,,,,,,,,,,,,,,,,,,,,,,,,,,,,,,,,,,,,,,,,,,,,,,,,,,,,,,,,,,,,,,,,,,,,,,,,,,,,,,,,,,,,,,,,,,,,,,,,,,,,,,,,,,,,,,,,,,,,,,,,,,,,,,,,,,,,,,,,,,,,,,,,,,,,,,,,,,,,,,,,,,,,,,,,,,,,,,,,,,,,,,,,,,,,,,,,,
"JDM,
VME",Emmanuel Fr,Sharjah,Wed,0,,FALSE,,,,,,,,,,,,,,,,,,,,,,,,,,,,,,,,,,,,,,,,,,,,,,,,,,,,,,,,,,,,,,,,,,,,,,,,,,,,,,,,,,,,,,,,,,,,,,,,,,,,,,,,,,,,,,,,,,,,,,,,,,,,,,,,,,,,,,,,,,,,,,,,,,,,,,,,,,,,,,,,,,,,,,,,,,,,,,,,,,,,,,,,,,,,,,,,,,,,,,,,,,,,,,,,,,,,,,,,,,,,,,,,,,,,,,,,,,,,,,,,,,,,,,,,,,,,,,,,,,,,,,,,,,,,,,,,,,,,,,,,,,,,,,,,,,,,,,,,,,,,,,,,,,AIR 10.00-19.00,JDM 10.00-19.00,VNK 12:30-21:30,VNK 12:30-21:30,VMN 13.00-22.00,Off,VMN 13.00-22.00,VNK 12:30-21:30,VNK 12:30-21:30,VNK 12:30-21:30,VNK 12:30-21:30,Off,JME 13:30-22:30,JDM 10.00-19.00,JDM 10.00-19.00,JDM 14:00-23:00,JDH 13:30-22:30,JDM 10.00-19.00,Off,JDH 13:00-22:00,VNK 12:30-21:30,VNK 12:30-21:30,VNK 12:30-21:30,VME 13.00-22.00,VME 13.00-22.00,Off,JDM 13:30-22:30,JDM 13:30-22:30,JDM 13:30-22:30,VME 10.00-19.00,VME 13.00-22.00,VME 13.00-22.00,Off,JDM 13:30-22:30,VME 10.00-19.00,JDM 13:30-22:30,JDM 13:30-22:30,JDM 13:30-22:30,VME 13.00-22.00,Off,VMN 13.00-22.00,JDM 13:30-22:30,JDM 13:30-22:30,JDM 13:30-22:30,JDM 13:30-22:30,VME 13.00-22.00,Off,JDM 13:30-22:30,JDM 10.00-19.00,JDM 13:30-22:30,JDM 13:30-22:30,JDM 13:30-22:30,VME 13.30-22.30,Off,VME 13.30-22.30,VME 13.30-22.30,JDM 13:30-22:30,JDM 13:30-22:30,JDM 13:30-22:30,VME 13.30-22.30,Off,VME 13.30-22.30,VME 13.30-22.30,VME 13.00-22.00,VME 13.30-22.30,VME 13.30-22.30,VME 13.30-22.30,Off,JDH 13:00-22:00,VNK 12:30-21:30,VNK 14:30-21:30,VNK 14:30-21:30,VME 15.30-22.30,VME 15.30-22.30,Off,JDM 15:30-22:30,JDM 15:30-22:30,JDM 15:30-22:30,JDH 15:00-22:00,VME 15.30-22.30,VME 15.30-22.30,Off,JDH 15:00-22:00,VNK 14:30-21:30,VNK 14:30-21:30,VNK 14:30-21:30,JDM 15:30-22:30,JDM 15:30-22:30,Off,JDH 15:00-22:00,VME 15.30-22.30,VME 15.30-22.30,JDM 13:30-22:30,JME 13:30-22:30,JME 13:30-22:30,JME 13:30-22:30,JDM 13:30-22:30,JDM 13:30-22:30,VME 13.30-22.30,VME 13.30-22.30,VME 13.30-22.30,VME 13.30-22.30,Off,VNK 12:30-21:30,VME 13.30-22.30,VME 13.30-22.30,VME 13.30-22.30,VME 13.30-22.30,Off,VME 13.30-22.30,VME 13.30-22.30,JDH 13:00-22:00,JDH 13:00-22:00,JDH 13:00-22:00,VME 13.00-22.00,VME 13.30-22.30,Off,JDH 13:00-22:00,JDH 13:00-22:00,JDM 13:30-22:30,JDM 13:30-22:30,JDM 13:30-22:30,VME 13.30-22.30,Off,JDH 13:00-22:00,JDH 13:00-22:00,VME 13.00-22.00,VME 13.00-22.00,VME 13.00-22.00,VME 13.00-22.00,Off,JDH 13:00-22:00,JDH 13:00-22:00,JDH 13:00-22:00,VME 13.00-22.00,VME 13.00-22.00,VME 13.00-22.00,Off,JDH 13:00-22:00,VNK 12:30-21:30,VNK 12:30-21:30,VME 13.00-22.00,VME 13.00-22.00,VME 13.00-22.00,Off,JME 13:00-22:00,JDH 13:00-22:00,VME 13.00-22.00,VME 13.00-22.00,VME 13.00-22.00,VME 13.00-22.00,Off,JME 13:00-22:00,JDH 13:00-22:00,VME 13.00-22.00,JDM 13:30-22:30,JDM 13:30-22:30,VME 13.00-22.00,Off,JDM 13:00-23:00,JDM 14:00-00:00,JDM 14:00-00:00,VME 12.30-22.30,VME 13.00-22.00,VME 13.00-22.00,Off,JDH 13:00-22:00,JDH 13:00-22:00,VME 13.00-22.00,VME 13.00-22.00,VME 13.00-22.00,VME 13.00-22.00,Off,JME 14:00-23:00,JDM 14:00-23:00,JDM 14:00-23:00,VME 13.00-22.00,VME 13.00-22.00,VME 13.00-22.00,Off,VME 13.00-22.00,VME 13.00-22.00,VME 13.00-22.00,JDM 14:00-23:00,JDM 13:30-22:30,VME 13.00-22.00,Off,JDM 14:00-23:00,JDM 14:00-23:00,JDM 14:00-23:00,VME 13.00-22.00,VME 13.00-22.00,VME 13.00-22.00,Off,VME 13.00-22.00,VME 13.00-22.00,LOP,JDM 14:00-23:00,JDM 14:00-23:00,VME 13.00-22.00,Off,JME 14:00-23:00,JDM 14:00-23:00,JDM 14:00-23:00,JDM 14:00-23:00,VME 13.00-22.00,VME 13.00-22.00,Off,VME 13.00-22.00,VME 13.00-22.00,VME 13.00-22.00,VME 13.00-22.00,VME 13.00-22.00,VME 13.00-22.00,Off,JDM 14:00-23:00,JDM 14:00-23:00,JDM 14:00-23:00,JDM 14:00-23:00,JDM 14:00-23:00,VME 13.00-22.00,Off,VME 13.00-22.00,VME 13.00-22.00,VME 13.00-22.00,JDM 14:00-23:00,JDM 14:00-23:00,VME 13.00-22.00,Off,VME 13.00-22.00,VME 13.00-22.00,VME 13.00-22.00,JDM 14:00-23:00,JDM 14:00-23:00,VME 13.00-22.00,Off,VME 13.00-22.00,VME 13.00-22.00,VME 13.00-22.00,JDM 14:00-23:00,JDM 14:00-23:00,VME 13.00-22.00,Off,JME 13:00-22:00,JDM 14:00-23:00,JDM 14:00-23:00,VME 13.00-22.00,VME 13.00-22.00,VME 13.00-22.00,Off,JDM 14:00-23:00,JDM 14:00-23:00,JDM 14:00-23:00,VME 13.00-22.00,VME 13.00-22.00,VME 13.00-22.00,Off,JME 13:00-22:00,VME 13.00-22.00,VME 13.00-22.00,VME 13.00-22.00,VME 13.00-22.00,VME 13.00-22.00,Off,JME 13:00-22:00,JDH 13:00-22:00,JDH 13:00-22:00,VME 13.00-22.00,VME 13.00-22.00,VME 13.00-22.00,Off,JDM 14:00-23:00,VME 13.00-22.00,VME 13.00-22.00,VME 13.00-22.00,VME 13.00-22.00,VME 13.00-22.00,JME 13:00-22:00,JDM 14:00-23:00,JDM 14:00-23:00,JDM 14:00-23:00,VME 13.00-22.00,VME 13.00-22.00,VME 13.00-22.00,JME 13:00-22:00,JME 13:00-22:00,Off,VME 13.00-22.00,VME 13.00-22.00,VME 13.00-22.00,VME 13.00-22.00,Off,JME 13:00-22:00,VME 13.00-22.00,VME 13.00-22.00,VME 13.00-22.00,VME 13.00-22.00,VME 13.00-22.00,Off,JDM 14:00-23:00,JDM 14:00-23:00,VME 13.00-22.00,VME 13.00-22.00,VME 13.00-22.00,VME 13.00-22.00,Off,JDM 14:00-23:00,JDM 14:00-23:00,JDM 14:00-23:00,JDM 14:00-23:00,VME 13.00-22.00,VME 13.00-22.00,Off,JDM 14:00-23:00,JDM 14:00-23:00,VME 13.00-22.00,VME 13.00-22.00,VME 13.00-22.00,VME 13.00-22.00,Off,JDM 14:00-23:00,VME 13.00-22.00,VME 13.00-22.00,JDM 14:00-23:00,JDM 14:00-23:00,VME 13.00-22.00,Off,JDM 14:00-23:00,JDM 14:00-23:00,JDM 14:00-23:00,VME 13.00-22.00,VME 13.00-22.00,VME 13.00-22.00,Off,JDM 14:00-23:00,JDM 14:00-23:00,JDM 14:00-23:00,VME 13.00-22.00,VME 13.00-22.00,JDM 14:00-23:00,JDM 14:00-23:00,VME 13.00-22.00,Off,JDM 14:00-23:00,JDM 14:00-23:00,VME 13.00-22.00,VME 13.00-22.00,Off,JDM 14:00-23:00,JDM 14:00-23:00,JDM 14:00-23:00,VME 13.00-22.00,VME 13.00-22.00,,,,,,,,,,,,,,,,,,,,,,,,,,,,,,,,,,,,,,,,,,,,,,,,,,,,,,,,,,,,,,,,,,,,,,,,,,,,,,,,,,,,,,,,,,,,,,,,,,,,,,,,,,,,,,,,,,,,,,,,,,,,,,,,,,,,,,,,,,,,,,,,,,,,,,,,,,,,,,,,,,,,,,,,,,,,,,,,,,,,,,,,,,,,,,,,,,,,,,,,,,,,,,,,,,,,
"VDM,
JME",Timothy Ak,Sharjah,"Thu
JDM",0,,FALSE,,,,,,,,,,,,,,,,,,,,,,,,,,,,,,,,,,,,,,,,,,,,,,,,,,,,,,,,,,,,,,,,,,,,,,,,,,,,,,,,,,,,,,,,,,,,,,,,,,,,,,,,,,,,,,,,,,,,,,,,,,,,,,,,,,,,,,,,,,,,,,,,,,,,,,,,,,,,,,,,,,,,,,,,,,,,,,,,,,,,,,,,,,,,,,,,,,,,,,,,,,,,,,,,,,,,,,,,,,,,,,,,,,,,,,,,,,,,,,,,,,,,,,,,,,,,,,,,,,,,,,,,,,,,,,,,,,,,,,,,,,,,,,,,,,,,,,,,,,,,,,,,,,,,,,,,,,,,,,,,,,,,,,,,,,,,,,,,,,,,,,,,,AIR 10.00-19.00,JDH 13:00-22:00,JDM 10.00-19.00,JDM 10.00-19.00,VNK 12:30-21:30,Off,JDH 13:00-22:00,JDH 13:00-22:00,JDH 13:00-22:00,VNK 13:00-22:00,VMN 13.00-22.00,VNK 13:00-22:00,Off,JDH 13:00-22:00,JDH 13:00-22:00,JDH 13:00-22:00,VNK 13:00-22:00,VNK 13:00-22:00,VNK 13:00-22:00,Off,JDH 13:00-22:00,JDH 13:00-22:00,JDH 13:00-22:00,VNK 13:00-22:00,VNK 13:00-22:00,VNK 13:00-22:00,Off,JME 13:30-22:30,JME 13:30-22:30,JME 13:30-22:30,JME 13:30-22:30,JDH 15:30-22:30,JDH 15:30-22:30,Off,JME 15:30-22:30,JME 15:30-22:30,JDH 15:30-22:30,VNK 15:00-22:00,VNK 15:00-22:00,VNK 15:00-22:00,Off,JME 15:30-22:30,JME 15:30-22:30,JME 15:30-22:30,JME 15:30-22:30,JME 15:30-22:30,JME 15:30-22:30,Off,VNK 15:00-22:00,JME 15:30-22:30,JME 15:30-22:30,VNK 15:00-22:00,VNK 15:00-22:00,JDH 13:30-22:30,JDH 13:30-22:30,JDH 14:00-23:00,JDH 14:00-23:00,JDH 14:00-23:00,VDM 10.00-19.00,VDM 10.00-19.00,Off,Off,JME 13:30-22:30,VDM 10.00-19.00,VDM 10.00-19.00,VDM 10.00-19.00,VDM 10.00-19.00,JDH 14:00-23:00,Off,JME 14:00-23:00,JME 14:00-23:00,JME 14:00-23:00,JME 14:00-23:00,JME 14:00-23:00,JME 14:00-23:00,Off,VDM 10.00-19.00,VDM 10.00-19.00,VDM 10.00-19.00,VDM 10.00-19.00,VDM 10.00-19.00,VDM 14.00-23.00,Off,VDM 10.00-19.00,JME 14:00-23:00,JME 14:00-23:00,JME 14:00-23:00,JME 14:00-23:00,JME 14:00-23:00,Off,VDM 10.00-19.00,VDM 10.00-19.00,VDM 10.00-19.00,VDM 10.00-19.00,VDM 10.00-19.00,VDM 14.00-23.00,Off,VDM 10.00-19.00,VNK 12:30-21:30,VDM 10.00-19.00,JME 13:00-22:00,JME 13:00-22:00,JDH 13:00-22:00,JDH 13:00-22:00,VDM 10.00-19.00,VDM 10.00-19.00,Off,VDM 10.00-19.00,VDM 10.00-19.00,JME 13:00-22:00,JME 13:00-22:00,VDM 10.00-19.00,VDM 10.00-19.00,Off,VDM 14.00-23.00,VDM 14.00-23.00,JDH 13:00-22:00,VDM 14.00-23.00,Off,VDM 10.00-19.00,VDM 10.00-20.00,VDM 10.00-20.00,VDM 10.00-20.00,JME 12:30-22:30,JME 13:00-22:00,VDM 10.00-19.00,SL,Off,VDM 10.00-19.00,JME 13:00-22:00,JME 13:00-22:00,JME 13:00-22:00,VDM 10.00-19.00,VDM 10.00-19.00,Off,,VNK 12:30-21:30,VDM 14.00-23.00,VDM 13.30-22.30,VDM 10.00-19.00,VDM 10.00-19.00,Off,,JDH 13:00-22:00,VDM 14.00-23.00,,,,,,,,,,,,,,,,,,,,,,,,,,,,,,,,,,,,,,,,,,,,,,,,,,,,,,,,,,,,,,,,,,,,,,,,,,,,,,,,,,,,,,,,,,,,,,,,,,,,,,,,,,,,,,,,,,,,,,,,,,,,,,,,,,,,,,,,,,,,,,,,,,,,,,,,,,,,,,,,,,,,,,,,,,,,,,,,,,,,,,,,,,,,,,,,,,,,,,,,,,,,,,,,,,,,,,,,,,,,,,,,,,,,,,,,,,,,,,,,,,,,,,,,,,,,,,,,,,,,,,,,,,,,,,,,,,,,,,,,,,,,,,,,,,,,,,,,,,,,,,,,,,,,,,,,,,,,,,,,,,,,,,,,,,,,,,,,,,,,,,,,,,,,,,,,,,,,,,,,,,,,,,,,,,,,,,,,,,,,,
VDH,Lynda Dj,Al Satwa,"VDM
Wed",0,,TRUE,,,,,,,,,,,,,,,,,,,,,,,,,,,,,,,,,,,,,,,,,,,,,,,,,,,,,,,,,,,,,,,,,,,,,,,,,,,,,,,,,,,,,,,,,,,,,,,,,,,,,,,,,,,,,,,,,,,,,,,,,,,,,,,,,,,,,,,,,,,,,,,,,,,,,,,,,,,,,,,,,,,,,,,,,,,,,,,,,,,,,,,,,,,,,,,,,,,,,,,,,,,,,,,,,,,,,,,,,,,,,,,,,,,,,,,,,,,,,,,,,,,,,,,,,,,,,,,,,,,,,,,,,,,,,,,,,,,,,,,,,,,,,,,,,,,,,,,,,,,,,,,,,,,,,,,,,,,,,,,,,,,,,,,,,,,,,,,,,,,,,,,,,,,,,,,,,JDM 10.00-19.00,JME 13:00-22:00,AIR,VDH 13.00-22.00,Off,VDH 13.00-22.00,VDM 10.00-19.00,VDM 10.00-19.00,VDH 13.00-22.00,VDH 13.00-22.00,VDH 13.00-22.00,Off,VDH 13.00-22.00,VDM 10.00-19.00,VDM 10.00-19.00,VDH 13.00-22.00,VDH 13.00-22.00,JDH 13:00-22:00,Off,VDH 13.00-22.00,VDM 13.30-22.30,VDH 13.00-22.00,VDH 13.00-22.00,VDH 15.00-22.00,JME 15:30-22:30,Off,JDM 15:30-22:30,JDM 15:30-22:30,VDM 10.00-17.00,VDM 10.00-17.00,VDM 10.00-17.00,VDH 15.00-22.00,Off,JDM 15:30-22:30,VDM 13.30-22.30,VDH 15.00-22.00,VDM 12.00-19.00,VDM 12.00-19.00,VDM 12.00-19.00,Off,JME 15:30-22:30,VDM 15.30-22.30,VDH 15.00-22.00,VDM 12.00-19.00,VDH 15.00-22.00,VDM 11.00-20.00,VDH 13.00-22.00,VDH 13.00-22.00,VDH 13.00-22.00,Off,VNK 12:30-21:30,VNK 12:30-21:30,VDM 13.30-22.30,VDM 13.30-22.30,Off,VDH 13.00-22.00,VDH 13.00-22.00,VDH 13.00-22.00,VDH 13.00-22.00,VDH 13.00-22.00,Off,VDM 10.00-19.00,VDM 10.00-19.00,VDH 13.00-22.00,VDH 13.00-22.00,VDH 13.00-22.00,VDM 14.00-23.00,Off,JME 13:30-22:30,VDH 13.00-22.00,VDH 13.00-22.00,VDH 13.00-22.00,JDH 13:00-22:00,JDH 13:00-22:00,Off,JDM 14:00-23:00,VDM 14.00-23.00,VDM 14.00-23.00,VDM 14.00-23.00,VDM 14.00-23.00,JDM 14:00-23:00,Off,JDM 14:00-23:00,VDH 13.00-22.00,VDH 13.00-22.00,VDH 13.00-22.00,VDH 13.00-22.00,JME 13:30-22:30,Off,JDM 14:00-23:00,VDM 14.00-23.00,VDM 14.00-23.00,VDH 13.00-22.00,VDH 13.00-22.00,VDM 14.00-23.00,VDM 14.00-23.00,VDM 14.00-23.00,Off,VDM 10.00-19.00,VDH 13.00-22.00,VDH 13.00-22.00,VDM 14.00-23.00,VDM 14.00-23.00,VDM 14.00-23.00,Off,VDM 10.00-19.00,VDH 13.00-22.00,VDH 13.00-22.00,VDM 14.00-23.00,VDH 13.00-22.00,VDM 10.00-19.00,Off,JDH 12:30-22:30,JDH 12:30-22:30,JDH 12:30-22:30,VDM 13.00-23.00,VDM 14.00-23.00,VDH 13.00-22.00,Off,VDM 10.00-19.00,VDM 14.00-23.00,VDM 14.00-23.00,VDM 14.00-23.00,VDM 14.00-23.00,VDM 14.00-23.00,Off,VDM 10.00-19.00,VDM 10.00-19.00,VDM 10.00-19.00,VDH 13.00-22.00,VDH 13.00-22.00,JDM 13:00-22:00,Off,VDM 10.00-19.00,VDM 10.00-19.00,VDM 10.00-19.00,VDH 13.00-22.00,VDM 14.00-23.00,VDH 13.00-22.00,Off,VDM 10.00-19.00,VDM 10.00-19.00,VDM 10.00-19.00,VDM 14.00-23.00,VDM 14.00-23.00,VDH 13.00-22.00,Off,VDM 10.00-19.00,VDH 11.00-20.00,LOP,LOP,LOP,Off,VDH 13.00-22.00,VDM 10.00-19.00,VDM 10.00-19.00,VDM 10.00-19.00,VDM 14.00-23.00,VDM 14.00-23.00,VDM 14.00-23.00,Off,VDM 14.00-23.00,VDH 13.00-22.00,VDH 13.00-22.00,VDM 14.00-23.00,JME 13:30-22:30,JME 13:30-22:30,Off,VDM 10.00-19.00,VDH 11.00-20.00,VDM 10.00-19.00,SL,VDM 14.00-23.00,VDM 14.00-23.00,Off,VDM 10.00-19.00,VDH 13.00-22.00,VDH 13.00-22.00,VDM 14.00-23.00,VDM 14.00-23.00,VDH 13.00-22.00,Off,VDM 10.00-19.00,VDH 13.00-22.00,VDH 13.00-22.00,VDM 14.00-23.00,VDH 13.00-22.00,VDH 13.00-22.00,Off,VDM 14.00-23.00,VDH 13.00-22.00,VDH 13.00-22.00,VDH 13.00-22.00,VDH 13.00-22.00,Off,VDH 13.00-22.00,VDM 10.00-19.00,VDM 14.00-23.00,VDM 14.00-23.00,VDM 14.00-23.00,VDH 13.00-22.00,VDH 13.00-22.00,Off,VDM 10.00-19.00,VDM 10.00-19.00,VDM 10.00-19.00,VDH 13.00-22.00,VDH 13.00-22.00,JME 13:30-22:30,Off,VDM 14.00-23.00,VDH 13.00-22.00,VDH 13.00-22.00,VDM 14.00-23.00,VDM 14.00-23.00,VDM 14.00-23.00,Off,VDM 10.00-19.00,VDH 13.00-22.00,VDH 13.00-22.00,VDH 13.00-22.00,VDH 13.00-22.00,VDH 13.00-22.00,Off,VDM 10.00-19.00,VDM 10.00-19.00,VDM 10.00-19.00,VDM 14.00-23.00,VDM 14.00-23.00,VDM 14.00-23.00,Off,VDM 10.00-19.00,VDM 14.00-23.00,VDM 14.00-23.00,VDH 13.00-22.00,VDM 10.00-19.00,VDM 10.00-19.00,Off,VDM 10.00-19.00,VDM 10.00-19.00,VDH 13.00-22.00,VDH 13.00-22.00,VDH 13.00-22.00,VDH 13.00-22.00,Off,VDM 14.00-23.00,VDH 13.00-22.00,VDH 13.00-22.00,VDM 14.00-23.00,VDM 14.00-23.00,VDM 14.00-23.00,Off,VDM 14.00-23.00,VDH 13.00-22.00,VDH 13.00-22.00,VDM 10.00-19.00,VDM 10.00-19.00,VDM 10.00-19.00,Off,VDM 14.00-23.00,VDH 13.00-22.00,VDH 13.00-22.00,VDM 14.00-23.00,VDM 14.00-23.00,VDM 14.00-23.00,Off,VDM 10.00-19.00,VDM 10.00-19.00,VDM 10.00-19.00,VDM 10.00-19.00,VDM 14.00-23.00,VDM 14.00-23.00,Off,VDH 13.00-22.00,VDH 13.00-22.00,VDH 13.00-22.00,VDH 13.00-22.00,VDM 10.00-19.00,VDM 10.00-19.00,Off,VDM 10.00-19.00,VDM 10.00-19.00,VDM 10.00-19.00,VDH 13.00-22.00,VDH 13.00-22.00,VDM 14.00-23.00,Off,VDM 14.00-23.00,VDM 14.00-23.00,VDM 14.00-23.00,VDM 14.00-23.00,VDM 14.00-23.00,HDM 13:00-22:00,VDM 10.00-19.00,Off,VDM 10.00-19.00,VDM 10.00-19.00,BDM 13:00-22:00,VDH 13.00-22.00,VDM 14.00-23.00,Off,VDM 10.00-19.00,VDM 10.00-19.00,HDM 13:00-22:00,VDH 13.00-22.00,VDH 13.00-22.00,VDM 14.00-23.00,Off,BDM 13:00-22:00,BDM 13:00-22:00,VDM 14.00-23.00,VDM 14.00-23.00,VDM 14.00-23.00,VDM 14.00-23.00,VDH 13.00-22.00,Off,BDM 13:00-22:00,BDM 13:00-22:00,VDM 10.00-19.00,VDM 10.00-19.00,VDM 10.00-19.00,VDM 13.00-22.00,Off,VDM 10.00-19.00,VDM 14.00-23.00,VDM 14.00-23.00,VDM 14.00-23.00,VDM 10.00-19.00,Off,VDH 13.00-22.00,VDM 10.00-19.00,VDM 10.00-19.00,JDM 14:00-23:00,JDM 14:00-23:00,VDM 10.00-19.00,Off,VDH 13.00-22.00,VDH 13.00-22.00,VDH 13.00-22.00,VDM 14.00-23.00,VDM 14.00-23.00,VDM 14.00-23.00,Off,VDM 10.00-19.00,BDM 13:00-22:00,BDM 13:00-22:00,BDM 13:00-22:00,JDM 14:00-23:00,JME 13:00-22:00,Off,VDH 13.00-22.00,BDM 13:00-22:00,JDH 13:00-22:00,JDH 13:00-22:00,VDH 13.00-22.00,VDH 13.00-22.00,Off,VDH 13.00-22.00,VDH 13.00-22.00,BDM 13:00-22:00,BDM 13:00-22:00,JDM 14:00-23:00,JDM 14:00-23:00,Off,VDH 13.00-22.00,VDH 13.00-22.00,BDM 13:00-22:00,BDM 13:00-22:00,BDM 13:00-22:00,JDM 14:00-23:00,Off,JDM 16:00-23:00,BDM 15:00-22:00,BDM 15:00-22:00,JDM 16:00-23:00,JDM 16:00-23:00,JDM 16:00-23:00,Off,VDH 15.00-22.00,BDM 15:00-22:00,BDM 15:00-22:00,SL,SL,JDM 15:00-22:00,BDM 15:00-22:00,BDM 15:00-22:00,JDM 15:00-22:00,BDM 15:00-22:00,JME 15:00-22:00,JDM 16:00-23:00,JDM 16:00-23:00,Off,BDM 15:00-22:00,BDM 15:00-22:00,VDH 15.00-22.00,VDH 15.00-22.00,VME 10.00-19.00,Off,VME 15.00-22.00,BDM 15:00-22:00,JDM 14:00-23:00,JDM 14:00-23:00,JDM 14:00-23:00,VME 13.00-22.00,VME 13.00-22.00,Off,JDM 14:00-23:00,JME 13:00-22:00,SL,JDM 14:00-23:00,VME 13.00-22.00,VME 13.00-22.00,Off,JDM 14:00-23:00,JDM 14:00-23:00,JDM 14:00-23:00,VME 13.00-22.00,VME 13.00-22.00,VME 13.00-22.00,Off,JDM 14:00-23:00,JDM 14:00-23:00,JDM 14:00-23:00,VME 13.00-22.00,VME 13.00-22.00,VME 13.00-22.00,Off,JDM 14:00-23:00,JDM 14:00-23:00,BDM 13:00-22:00,VME 13.00-22.00,VME 13.00-22.00,VME 13.00-22.00,Off,JDM 14:00-23:00,BDM 13:00-22:00,BDM 13:00-22:00,VME 13.00-22.00,VME 13.00-22.00,VME 13.00-22.00,Off,JDM 14:00-23:00,JDM 14:00-23:00,JDM 14:00-23:00,BDM 13:00-22:00,VME 13.00-22.00,VME 14.00-23.00,Off,JDM 14:00-23:00,VDH 13.00-22.00,VDH 13.00-22.00,VME 13.00-22.00,VME 13.00-22.00,VME 13.00-22.00,Off,JDM 14:00-23:00,JDM 14:00-23:00,JDM 14:00-23:00,VME 13.00-22.00,VME 13.00-22.00,VME 13.00-22.00,Off,JDM 14:00-23:00,JDM 14:00-23:00,JME 13:00-22:00,JDM 14:00-23:00,Off,VME 13.00-22.00,VME 13.00-22.00,JDM 14:00-23:00,JDM 14:00-23:00,JDM 14:00-23:00,VME 13.00-22.00,VME 13.00-22.00,JDM 14:00-23:00,SL,Off,VME 13.00-22.00,VME 13.00-22.00,VME 13.00-22.00,VME 13.00-22.00,JDM 14:00-23:00,Off,VME 13.00-22.00,VME 13.00-22.00,VME 12.00-21.00,VME 13.00-22.00,VME 13.00-22.00,JDM 13:00-22:00,Off,VME 13.00-22.00,VME 13.00-22.00,VME 13.00-22.00,VME 13.00-22.00,VME 13.00-22.00,JDM 13:00-22:00,Off,VME 13.00-22.00,VME 13.00-22.00,VME 13.00-22.00,VME 13.00-22.00,VME 13.00-22.00,VME 13.00-22.00,Off,VME 13.00-22.00,VME 13.00-22.00,VME 13.00-22.00,VME 13.00-22.00,VME 13.00-22.00,VME 13.00-22.00,Off,VME 13.00-22.00,VME 13.00-22.00,VME 13.00-22.00,VME 13.00-22.00,VME 13.00-22.00,VME 13.00-22.00,Off
JDH,Pokuah Do,Marina,Wed,0,,FALSE,,,,,,,,,,,,,,,,,,,,,,,,,,,,,,,,,,,,,,,,,,,,,,,,,,,,,,,,,,,,,,,,,,,,,,,,,,,,,,,,,,,,,,,,,,,,,,,,,,,,,,,,,,,,,,,,,,,,,,,,,,,,,,,,,,,,,,,,,,,,,,,,,,,,,,,,,,,,,,,,,,,,,,,,,,,,,,,,,,,,,,,,,,,,,,,,,,,,,,,,,,,,,,,,,,,,,,,,,,,,,,,,,,,,,,,,,,,,,,,,,,,,,,,,,,,,,,,,,,,,,,,,,,,,,,,,,,,,,,,,,,,,,,,,,,,,,,,,,,,,,,,,,,,,,,,,,,,,,,,,,,,,,,,,,,,,,,,,,,,,,,,,,,,,,,,,,,,,,,,,,,,,,,,,,,,,,,,,,,,,,,,,,AIR,JDH 15:00-22:00,Off,VNK 14:30-21:30,JDH 15:00-22:00,JDH 15:00-22:00,JDH 15:00-22:00,JME 15:30-22:30,JDH 15:00-22:00,Off,VNK 14:30-21:30,JDH 15:00-22:00,JDH 15:00-22:00,VNK 12:30-21:30,VNK 12:30-21:30,SL,VNK 12:30-21:30,Off,JME 13:30-22:30,JME 13:30-22:30,JME 13:30-22:30,JDM 13:30-22:30,JDM 13:30-22:30,Off,JDH 13:00-22:00,JDH 13:00-22:00,JDH 13:00-22:00,SL,JDM 13:30-22:30,JDM 13:30-22:30,Off,VNK 12:30-21:30,VNK 13:00-22:00,VNK 12:30-21:30,VNK 12:30-21:30,JDM 13:30-22:30,JDM 13:30-22:30,Off,VNK 12:30-21:30,VNK 12:30-21:30,,,,,,,,,,,,,,,,,,,,,,,,,,,,,,,,,,,,,,,,,,,,,,,,,,,,,,,,,,,,,,,,,,,,,,,,,,,,,,,,,,,,,,,,,,,,,,,,,,,,,,,,,,,,,,,,,,,,,,,,,,,,,,,,,,,,,,,,,,,,,,,,,,,,,,,,,,,,,,,,,,,,,,,,,,,,,,,,,,,,,,,,,,,,,,,,,,,,,,,,,,,,,,,,,,,,,,,,,,,,,,,,,,,,,,,,,,,,,,,,,,,,,,,,,,,,,,,,,,,,,,,,,,,,,,,,,,,,,,,,,,,,,,,,,,,,,,,,,,,,,,,,,,,,,,,,,,,,,,,,,,,,,,,,,,,,,,,,,,,,,,,,,,,,,,,,,,,,,,,,,,,,,,,,,,,,,,,,,,,,,,,,,,,,,,,,,,,,,,,,,,,,,,,,,,,,,,,,,,,,,,,,,,,,,,,,,,,,,,,,,,,,,,
,Arlene Le,Bur Juman,"BDM
Tue",0,,TRUE,,,,,,,,,,,,,,,,,,,,,,,,,,,,,,,,,,,,,,,,,,,,,,,,,,,,,,,,,,,,,,,,,,,,,,,,,,,,,,,,,,,,,,,,,,,,,,,,,,,,,,,,,,,,,,,,,,,,,,,,,,,,,,,,,,,,,,,,,,,,,,,,,,,,,,,,,,,,,,,,,,,,,,,,,,,,,,,,,,,,,,,,,,,,,,,,,,,,,,,,,,,,,,,,,,,,,,,,,,,,,,,,,,,,,,,,,,,,,,,,,,,,,,,,,,,,,,,,,,,,,,,,,,,,,,,,,,,,,,,,,,,,,,,,,,,,,,,,,,,,,,,,,,,,,,,,,,,,,,,,,,,,,,,,,,,,,,,,,,,,,,,,,,,,,,,,,,,,,,,,,,,,,,,,,,,,,,,,,,,,,,,,,,,,,,,,,,,,,,,,,,,,,,,,,,,,,,,,,,,,,,,,,,,,,,,,,,,,,,,,,JME 10:00-19:00,JME 13:30-22:30,JME 13:30-22:30,Off,JDH 13:00-22:00,JDH 13:00-22:00,JME 13:30-22:30,JME 13:30-22:30,JDM 14:00-23:00,JME 13:30-22:30,Off,JME 13:30-22:30,JME 13:30-22:30,JDH 13:00-22:00,JDH 13:00-22:00,JDH 13:00-22:00,JME 13:30-22:30,Off,JME 13:30-22:30,JME 13:30-22:30,JME 13:30-22:30,JME 13:30-22:30,JME 13:30-22:30,Off,JME 12:30-22:30,JME 12:30-22:30,JME 12:30-22:30,JDM 13:00-23:00,JDM 13:30-22:30,JDM 13:30-22:30,JDH 13:00-22:00,Off,JME 13:30-22:30,JDM 13:30-22:30,JDM 13:30-22:30,JDM 13:30-22:30,JDM 13:30-22:30,JME 13:30-22:30,Off,JME 13:30-22:30,JME 13:30-22:30,JDM 13:30-22:30,JDM 13:30-22:30,Off,JDH 13:00-22:00,SL,JDM 13:30-22:30,JDM 13:30-22:30,JDH 13:00-22:00,JME 13:30-22:30,VDM 10.00-19.00,VDM 10.00-19.00,Off,JME 13:30-22:30,JME 13:30-22:30,JME 13:30-22:30,JME 13:30-22:30,VDM 10.00-19.00,VDM 10.00-19.00,Off,VDM 10.00-19.00,VDM 10.00-19.00,VDM 13.30-22.30,VDM 13.30-22.30,VDM 10.00-19.00,VDM 10.00-19.00,Off,JDH 13:30-22:30,JDH 13:30-22:30,JDH 13:00-22:00,JME 13:30-22:30,SL,VDM 14.00-23.00,JME 13:30-22:30,VDM 14.00-23.00,VDM 14.00-23.00,JDH 13:00-22:00,VDM 14.00-23.00,VDM 14.00-23.00,VDM 10.00-19.00,Off,VDM 10.00-19.00,JDH 13:00-22:00,VDM 13.30-22.30,JDH 13:00-22:00,JME 13:30-22:30,VDM 14.00-23.00,Off,VDM 10.00-19.00,VDM 10.00-19.00,JME 13:30-22:30,JME 13:30-22:30,VDM 10.00-19.00,VDM 10.00-19.00,Off,VDM 10.00-19.00,VDM 10.00-19.00,JME 13:30-22:30,VDM 13.30-22.30,VDM 10.00-19.00,VDM 10.00-19.00,Off,VDM 14.00-23.00,VDM 14.00-23.00,VDM 14.00-23.00,VDM 13.30-22.30,VDM 10.00-19.00,VDM 10.00-19.00,Off,JME 13:30-22:30,JME 13:30-22:30,JME 13:30-22:30,VDM 10.00-19.00,VDM 10.00-19.00,VDM 10.00-19.00,Off,JME 13:30-22:30,JME 13:30-22:30,VDM 14.00-23.00,VDM 14.00-23.00,VDM 14.00-23.00,VDM 14.00-23.00,Off,VDM 14.00-23.00,VDM 14.00-23.00,JME 13:30-22:30,JME 13:30-22:30,JME 13:30-22:30,VDM 14.00-23.00,Off,VDM 10.00-19.00,VDM 10.00-19.00,VDM 10.00-19.00,VDM 10.00-19.00,VDM 14.00-23.00,VDM 14.00-23.00,Off,JDM 14:00-23:00,JDM 14:00-23:00,VDM 10.00-19.00,JME 13:00-22:00,JME 13:00-22:00,VDM 10.00-19.00,Off,JDH 13:00-22:00,JME 13:00-22:00,VDM 14.00-23.00,VDM 14.00-23.00,JME 13:00-22:00,VDM 10.00-19.00,Off,JME 13:00-22:00,VDM 10.00-19.00,VDM 14.00-23.00,VDM 14.00-23.00,VDM 14.00-23.00,VDM 14.00-23.00,Off,VDM 10.00-19.00,VDM 10.00-19.00,VDM 10.00-19.00,JDH 13:00-22:00,Off,VDM 10.00-19.00,SL,VDM 14.00-23.00,VDM 14.00-23.00,VDM 14.00-23.00,JME 13:00-22:00,Off,VDM 10.00-19.00,VDM 10.00-19.00,VDM 10.00-19.00,VDM 10.00-19.00,VDM 10.00-19.00,VDM 10.00-19.00,Off,VDM 14.00-23.00,VDM 14.00-23.00,JME 13:00-22:00,JME 13:00-22:00,JME 13:00-22:00,VDM 10.00-19.00,Off,VDM 10.00-19.00,VDM 10.00-19.00,VDM 10.00-19.00,VDM 10.00-19.00,VDM 14.00-23.00,VDM 14.00-23.00,Off,VDM 10.00-19.00,BDM 13:00-22:00,BDM 13:00-22:00,BDM 13:00-22:00,VDM 14.00-23.00,VDM 14.00-23.00,Off,VDM 10.00-19.00,VDM 10.00-19.00,BDM 13:00-22:00,BDM 13:00-22:00,VDM 10.00-19.00,BDM 13:00-22:00,VDM 10.00-19.00,Off,VDM 10.00-19.00,BDM 13:00-22:00,BDM 13:00-22:00,VDM 14.00-23.00,VDM 14.00-23.00,Off,VDM 14.00-23.00,BDM 13:00-22:00,BDM 13:00-22:00,VDM 10.00-19.00,VDM 14.00-23.00,VDM 14.00-23.00,Off,VDM 14.00-23.00,VDM 14.00-23.00,VDM 14.00-23.00,BDM 13:00-22:00,JDM 14:00-23:00,JDM 14:00-23:00,Off,VDM 10.00-19.00,VDM 10.00-19.00,VDM 10.00-19.00,VDM 10.00-19.00,BDM 13:00-22:00,JDM 14:00-23:00,Off,VDM 10.00-19.00,VDM 14.00-23.00,BDM 13:00-22:00,BDM 13:00-22:00,VDH 13.00-22.00,JDM 14:00-23:00,Off,VDM 10.00-19.00,VDM 10.00-19.00,VDH 13.00-22.00,VDM 14.00-23.00,VDM 14.00-23.00,VDM 10.00-19.00,Off,VDM 10.00-19.00,VDM 14.00-23.00,VDM 14.00-23.00,VDM 14.00-23.00,JDM 14:00-23:00,JDM 14:00-23:00,Off,SL,VDM 14.00-23.00,VDM 14.00-23.00,VDM 14.00-23.00,VDM 14.00-23.00,VDM 10.00-19.00,Off,VDM 10.00-19.00,VDM 10.00-19.00,VDM 10.00-19.00,VDM 10.00-19.00,VDM 10.00-19.00,VDM 10.00-19.00,Off,JDM 14:00-23:00,VDM 10.00-19.00,VDM 10.00-19.00,VDH 13.00-22.00,VDH 13.00-22.00,VDM 10.00-19.00,Off,JDM 14:00-23:00,JDM 14:00-23:00,VDM 10.00-19.00,VDM 14.00-23.00,VDM 14.00-23.00,SL,Off,VDM 12.00-19.00,VDM 12.00-19.00,VDM 16.00-23.00,VDM 16.00-23.00,VDM 16.00-23.00,VDM 12.00-19.00,Off,VDM 10.00-16.00,VDM 16.00-23.00,VDH 15.00-22.00,VDH 15.00-22.00,VDM 16.00-23.00,VDM 12.00-19.00,Off,VDM 12.00-19.00,VDH 15.00-22.00,VDH 15.00-22.00,VDM 16.00-23.00,VDM 16.00-23.00,VDM 12.00-19.00,Off,VDM 16.00-23.00,VDH 15.00-22.00,JME 15:00-22:00,VDM 12.00-19.00,VDM 16.00-23.00,HDM 15:00-22:00,Off,VDM 16.00-23.00,VDM 16.00-23.00,VDH 13.00-22.00,VDH 13.00-22.00,VDM 14.00-23.00,VDM 10.00-19.00,Off,VDM 10.00-19.00,VDM 10.00-19.00,VMN 13.00-22.00,VDH 13.00-22.00,VDM 14.00-23.00,VDM 10.00-19.00,Off,VDM 14.00-23.00,VDM 14.00-23.00,JDH 13:00-22:00,JDH 13:00-22:00,VDM 14.00-23.00,VDM 10.00-19.00,Off,VDM 10.00-19.00,VDH 13.00-22.00,VDM 10.00-19.00,VDM 10.00-19.00,JDH 13:00-22:00,VDM 10.00-19.00,Off,VDM 10.00-19.00,VDM 10.00-19.00,VDM 10.00-19.00,HDM 13:00-22:00,HDM 13:00-22:00,VDM 10.00-19.00,Off,VDM 14.00-23.00,VDM 14.00-23.00,Off,HDM 13:00-22:00,HDM 13:00-22:00,VDM 10.00-19.00,VDH 13.00-22.00,VDM 14.00-23.00,VDM 14.00-23.00,VDH 13.00-22.00,VDM 10.00-19.00,JDM 11:00-20:00,VDM 10.00-19.00,Off,VDM 14.00-23.00,VDM 14.00-23.00,JME 13:00-22:00,JME 13:00-22:00,JME 13:00-22:00,VDM 10.00-19.00,Off,VDM 13.00-22.00,VDM 10.00-19.00,VDM 10.00-19.00,VDM 10.00-19.00,JME 13:00-22:00,VDM 10.00-19.00,Off,VDM 13.00-22.00,VDM 10.00-19.00,VDH 13.00-22.00,VDM 10.00-19.00,VDM 13.00-22.00,VDM 10.00-19.00,Off,VDM 13.00-22.00,VDM 10.00-19.00,VDM 10.00-19.00,VDM 10.00-19.00,JME 13:00-22:00,VDM 10.00-19.00,Off,VDM 14.00-23.00,SL,VDM 14.00-23.00,JME 13:00-22:00,JME 13:00-22:00,VDM 10.00-19.00,Off,VDM 13.00-22.00,VDM 13.00-22.00,VDM 13.00-22.00,VDM 13.00-22.00,VDM 10.00-19.00,VDM 10.00-19.00,Off,VDM 14.00-23.00,SL,VDM 14.00-23.00,VDM 14.00-23.00,VDM 14.00-23.00,VDM 14.00-23.00,Off,VDM 10.00-19.00,VDM 10.00-19.00,VDM 10.00-19.00,VDM 10.00-19.00,VDM 10.00-19.00,VDM 10.00-19.00,Off,,,,,,,Off,,,,,,,Off,
,Aamir An,,Thu,0,,FALSE,,,,,,,,,,,,,,,,,,,,,,,,,,,,,,,,,,,,,,,,,,,,,,,,,,,,,,,,,,,,,,,,,,,,,,,,,,,,,,,,,,,,,,,,,,,,,,,,,,,,,,,,,,,,,,,,,,,,,,,,,,,,,,,,,,,,,,,,,,,,,,,,,,,,,,,,,,,,,,,,,,,,,,,,,,,,,,,,,,,,,,,,,,,,,,,,,,,,,,,,,,,,,,,,,,,,,,,,,,,,,,,,,,,,,,,,,,,,,,,,,,,,,,,,,,,,,,,,,,,,,,,,,,,,,,,,,,,,,,,,,,,,,,,,,,,,,,,,,,,,,,,,,,,,,,,,,,,,,,,,,,,,,,,,,,,,,,,,,,,,,,,,,,,,,,,,,,,,,,,,,,,,,,,,,,,,,,,,,,,,,,,,,,,,,,,,,,,,,,,,,,,,,,,,,,,,,,,,,,,,,,,,,,,,,,,,,,,,,,,,,JDH 10:00-19:00,,,,,,,,,,,,,,,,,,,,,,,,,,,,,,,,,,,,,,,,,,,,,,,,,,,,,,,,,,,,,,,,,,,,,,,,,,,,,,,,,,,,,,,,,,,,,,,,,,,,,,,,,,,,,,,,,,,,,,,,,,,,,,,,,,,,,,,,,,,,,,,,,,,,,,,,,,,,,,,,,,,,,,,,,,,,,,,,,,,,,,,,,,,,,,,,,,,,,,,,,,,,,,,,,,,,,,,,,,,,,,,,,,,,,,,,,,,,,,,,,,,,,,,,,,,,,,,,,,,,,,,,,,,,,,,,,,,,,,,,,,,,,,,,,,,,,,,,,,,,,,,,,,,,,,,,,,,,,,,,,,,,,,,,,,,,,,,,,,,,,,,,,,,,,,,,,,,,,,,,,,,,,,,,,,,,,,,,,,,,,,,,,,,,,,,,,,,,,,,,,,,,,,,,,,,,,,,,,,,,,,,,,,,,,
,Ben Mu,Deira,"VDM
Mon, Thu",0,,TRUE,,,,,,,,,,,,,,,,,,,,,,,,,,,,,,,,,,,,,,,,,,,,,,,,,,,,,,,,,,,,,,,,,,,,,,,,,,,,,,,,,,,,,,,,,,,,,,,,,,,,,,,,,,,,,,,,,,,,,,,,,,,,,,,,,,,,,,,,,,,,,,,,,,,,,,,,,,,,,,,,,,,,,,,,,,,,,,,,,,,,,,,,,,,,,,,,,,,,,,,,,,,,,,,,,,,,,,,,,,,,,,,,,,,,,,,,,,,,,,,,,,,,,,,,,,,,,,,,,,,,,,,,,,,,,,,,,,,,,,,,,,,,,,,,,,,,,,,,,,,,,,,,,,,,,,,,,,,,,,,,,,,,,,,,,,,,,,,,,,,,,,,,,,,,,,,,,,,,,,,,,,,,,,,,,,,,,,,,,,,,,,,,,,,,,,,,,,,,,,,,,,,,,,,,,,,,,,,,,,,,,,,,,,,,,,,,,,,,,,,,,,,,,,,,,,,JDH 10:00-19:00,VNK 12:30-21:30,VNK 12:30-21:30,VNK 12:30-21:30,Off,JDM 13:30-22:30,JDM 13:30-22:30,JDM 13:30-22:30,VNK 12:30-21:30,VNK 12:30-21:30,VNK 12:30-21:30,Off,JDM 13:30-22:30,JDM 13:30-22:30,VNK 12:00-22:00,VNK 12:00-22:00,VNK 12:00-22:00,VNK 12:00-22:00,Off,JME 13:30-22:30,JME 13:30-22:30,JME 13:30-22:30,VNK 12:30-21:30,VNK 12:30-21:30,VNK 12:30-21:30,Off,JME 13:30-22:30,JDH 13:00-22:00,JDH 13:00-22:00,JDH 13:00-22:00,JDH 13:00-22:00,VNK 12:30-21:30,Off,JME 13:30-22:30,JME 13:30-22:30,JDM 13:30-22:30,JDH 13:00-22:00,VNK 12:30-21:30,VNK 12:30-21:30,VNK 12:30-21:30,JDM 13:30-22:30,JME 13:30-22:30,JME 13:30-22:30,JDH 13:00-22:00,JDH 13:00-22:00,JDH 13:00-22:00,Off,JDM 13:30-22:30,JME 13:30-22:30,JME 13:30-22:30,JDH 13:00-22:00,JDH 13:00-22:00,JME 13:30-22:30,Off,JDM 13:30-22:30,JDM 13:30-22:30,JDM 13:30-22:30,JME 13:30-22:30,JME 13:30-22:30,JME 13:30-22:30,Off,JDM 13:30-22:30,JDM 13:30-22:30,JDM 13:30-22:30,JME 13:30-22:30,JME 13:30-22:30,JME 13:30-22:30,Off,JDM 13:30-22:30,JME 13:30-22:30,JDH 13:30-22:30,JDH 13:30-22:30,SL,VNK 12:30-21:30,Off,JDM 14:00-23:00,JDM 14:00-23:00,JDM 14:00-23:00,JDH 13:30-22:30,SL,JDH 13:30-22:30,Off,JDM 14:00-23:00,JDM 14:00-23:00,JDM 14:00-23:00,VNK 12:30-21:30,VNK 12:30-21:30,VNK 12:30-21:30,Off,JDM 13:45-22:45,JDH 13:30-22:30,JDH 13:30-22:30,JDH 13:30-22:30,JDH 13:30-22:30,JME 13:30-22:30,Off,JDM 13:45-22:45,JDM 13:45-22:45,JDM 13:45-22:45,VMF 13:00-22:00,VMF 13:00-22:00,VMF 13:00-22:00,Off,JME 13:30-22:30,JME 13:00-22:00,JME 13:00-22:00,VMF 13:00-22:00,VMF 13:00-22:00,VMF 13:00-22:00,Off,JDM 14:00-23:00,JDM 14:00-23:00,JDM 14:00-23:00,JME 13:00-22:00,JME 13:00-22:00,VMF 13:00-22:00,Off,JDM 14:00-23:00,JDM 14:00-23:00,JDM 14:00-23:00,JME 13:00-22:00,JME 13:00-22:00,JME 13:00-22:00,Off,JDM 14:00-23:00,JDM 14:00-23:00,JME 13:00-22:00,JME 13:00-22:00,JME 13:00-22:00,JME 13:00-22:00,Off,JDH 13:00-22:00,JDH 13:00-22:00,JME 14:00-23:00,JME 13:00-22:00,SL,JME 13:00-22:00,Off,JDM 14:00-23:00,JDM 14:00-23:00,JDM 14:00-23:00,JDH 13:00-22:00,JDH 13:00-22:00,JME 13:00-22:00,Off,JDM 14:00-23:00,JDM 14:00-23:00,JDM 14:00-23:00,JME 13:00-22:00,JME 13:00-22:00,JME 13:00-22:00,Off,JME 13:00-22:00,JME 13:00-22:00,JME 13:00-22:00,JDH 13:00-22:00,JDH 13:00-22:00,VNK 12:30-21:30,Off,JME 13:00-22:00,JME 13:00-22:00,JME 13:00-22:00,JDH 13:00-22:00,JDH 13:00-22:00,JDH 13:00-22:00,Off,JDM 14:00-23:00,HDM 13:00-22:00,HDM 13:00-22:00,HDM 13:00-22:00,JDM 14:00-23:00,JDM 14:00-23:00,Off,JDM 14:00-23:00,HDM 13:00-22:00,HDM 13:00-22:00,JDM 14:00-23:00,JDM 14:00-23:00,JDH 13:00-22:00,Off,HDM 13:00-22:00,HDM 13:00-22:00,HDM 13:00-22:00,JME 13:00-22:00,JME 13:00-22:00,JDH 13:00-22:00,Off,HDM 13:00-22:00,JDH 13:00-22:00,HDM 13:00-22:00,HDM 13:00-22:00,VNK 12:30-21:30,JDH 13:00-22:00,JDH 13:00-22:00,JDH 13:00-22:00,Off,HDM 13:00-22:00,JME 13:00-22:00,HDM 13:00-22:00,JDH 13:00-22:00,Off,HDM 13:00-22:00,HDM 13:00-22:00,HDM 13:00-22:00,HDM 13:00-22:00,JME 13:00-22:00,HDM 13:00-22:00,Off,HDM 13:00-22:00,HDM 13:00-22:00,JME 13:00-22:00,HDM 13:00-22:00,HDM 13:00-22:00,HDM 13:00-22:00,Off,HDM 13:00-22:00,HDM 13:00-22:00,JDM 14:00-23:00,JME 13:00-22:00,JME 13:00-22:00,JME 13:00-22:00,Off,JDM 14:00-23:00,JDM 12.00-21.00,JDM 14:00-23:00,JDH 13:00-22:00,JDM 14:00-23:00,JDM 14:00-23:00,Off,JME 13:00-22:00,JME 13:00-22:00,JDM 14:00-23:00,JME 13:00-22:00,JME 13:00-22:00,JME 13:00-22:00,Off,JDM 14:00-23:00,JDM 14:00-23:00,JDM 14:00-23:00,HDM 13:00-22:00,HDM 13:00-22:00,HDM 13:00-22:00,Off,JDM 13:00-22:00,JDM 13:00-22:00,JDM 13:00-22:00,HDM 13:00-22:00,HDM 13:00-22:00,HDM 13:00-22:00,Off,VDM 13.30-22.30,JME 13:00-22:00,JME 13:00-22:00,JDM 13:00-22:00,JDM 13:00-22:00,VDM 13.30-22.30,Off,VDM 10.00-19.00,VDM 10.00-19.00,JDH 13:00-22:00,JME 13:00-22:00,VDM 14.00-23.00,VDM 14.00-23.00,Off,VDM 10.00-19.00,VDM 10.00-19.00,VDM 10.00-19.00,JME 13:00-22:00,JME 13:00-22:00,JME 13:00-22:00,VDM 14.00-23.00,VDM 10.00-19.00,JDM 16:00-23:00,Off,JDH 15:00-22:00,JDH 15:00-22:00,VDM 12.00-19.00,VDM 16.00-23.00,VDM 16.00-23.00,Off,JDH 15:00-22:00,VDM 12.00-19.00,VDM 12.00-19.00,JDM 15:00-22:00,VDM 16.00-23.00,VDM 12.00-19.00,Off,VDM 12.00-19.00,VDM 12.00-19.00,VDM 12.00-19.00,VDM 12.00-19.00,JDH 15:00-22:00,VDM 12.00-19.00,Off,VDM 12.00-19.00,VDM 12.00-19.00,JME 15:00-22:00,JME 15:00-22:00,VDM 16.00-23.00,VDM 12.00-19.00,Off,JME 15:00-22:00,VDM 10.00-19.00,VDM 10.00-19.00,JME 13:00-22:00,Off,VDM 10.00-19.00,VDH 13.00-22.00,VDH 13.00-22.00,VDM 14.00-23.00,VDM 14.00-23.00,JME 13:00-22:00,JDH 13:00-22:00,VDM 10.00-19.00,Off,BDM 13:00-22:00,VDM 10.00-19.00,VDM 10.00-19.00,JDH 13:00-22:00,VDH 13.00-22.00,VDM 10.00-19.00,Off,VDM 10.00-19.00,JDH 13:00-22:00,JDH 13:00-22:00,VDM 14.00-23.00,VDH 13.00-22.00,VDH 13.00-22.00,Off,BDM 13:00-22:00,BDM 13:00-22:00,JDH 13:00-22:00,JDH 13:00-22:00,Off,JDH 13:00-22:00,JDM 14:00-23:00,Off,JDH 13:00-22:00,JDH 13:00-22:00,JDH 13:00-22:00,Off,JDH 13:00-22:00,JDM 14:00-23:00,Off,JDH 13:00-22:00,JDH 13:00-22:00,VMN 13.00-22.00,Off,JDH 14:00-23:00,JDM 14:00-23:00,Off,JDH 13:00-22:00,JDH 13:00-22:00,JDM 14:00-23:00,Off,JDH 13:00-22:00,JDM 14:00-23:00,Off,JDH 13:00-22:00,JDH 13:00-22:00,JDM 14:00-23:00,Off,JDM 14:00-23:00,JDM 14:00-23:00,Off,JDH 13:00-22:00,JDH 13:00-22:00,Off,JDM 14:00-23:00,JDM 14:00-23:00,JDH 13:00-22:00,JDH 13:00-22:00,JDH 13:00-22:00,JDH 13:00-22:00,JDM 14:00-23:00,Off,VME 13.00-22.00,VME 13.00-22.00,VME 13.00-22.00,JDM 14:00-23:00,JDM 14:00-23:00,JDM 13:00-22:00,Off,VME 13.00-22.00,VME 13.00-22.00,Off,JDH 13:00-22:00,JDM 13:00-22:00,JDM 13:00-22:00,JME 13:00-22:00,VME 13.00-22.00,VME 13.00-22.00,Off,JDM 13:00-22:00,JDM 13:00-22:00,JDH 13:00-22:00,Off,VME 13.00-22.00,VME 13.00-22.00,JDH 13:00-22:00,JDH 13:00-22:00,Off,Off,Off,Off,LOP,LOP,LOP,LOP,LOP,LOP,LOP,LOP,LOP,LOP,LOP,LOP,LOP,LOP,LOP
,Sahil Ka,,Thu,,,FALSE,,,,,,,,,,,,,,,,,,,,,,,,,,,,,,,,,,,,,,,,,,,,,,,,,,,,,,,,,,,,,,,,,,,,,,,,,,,,,,,,,,,,,,,,,,,,,,,,,,,,,,,,,,,,,,,,,,,,,,,,,,,,,,,,,,,,,,,,,,,,,,,,,,,,,,,,,,,,,,,,,,,,,,,,,,,,,,,,,,,,,,,,,,,,,,,,,,,,,,,,,,,,,,,,,,,,,,,,,,,,,,,,,,,,,,,,,,,,,,,,,,,,,,,,,,,,,,,,,,,,,,,,,,,,,,,,,,,,,,,,,,,,,,,,,,,,,,,,,,,,,,,,,,,,,,,,,,,,,,,,,,,,,,,,,,,,,,,,,,,,,,,,,,,,,,,,,,,,,,,,,,,,,,,,,,,,,,,,,,,,,,,,,,,,,,,,,,,,,,,,,,,,,,,,,,,,,,,,,,,,,,,,,,,,,,,,,,,,,,,,,,,,,,,,,,,,,,,,,,,,,,,,,,,,,,,,,,,,,,,,,,,,,,,,,,,,,,,,,,,,,,,,,,,,,,,,,,,,,,,,,,AIR 10.00-19.00,JME 13:30-22:30,JME 13:30-22:30,JME 13:30-22:30,Off,LOP,JDH 13:30-22:30,VNK 12:30-21:30,VNK 12:30-21:30,VNK 12:30-21:30,JDH 13:30-22:30,Off,JDH 13:30-22:30,JDH 13:30-22:30,JDH 10:00-19:00,JDH 13:30-22:30,JDH 13:00-22:00,JME 13:30-22:30,Off,JDM 14:00-23:00,JDM 14:00-23:00,VMF 13:00-22:00,VMF 13:00-22:00,VMF 13:00-22:00,VMF 13:00-22:00,VMF 13:00-22:00,SL,SL,JDH 13:30-22:30,JDH 13:30-22:30,JDH 13:30-22:30,JME 13:30-22:30,Off,VMF 13:00-22:00,VMF 13:00-22:00,JDH 13:30-22:30,JDH 13:30-22:30,JME 13:30-22:30,JME 13:30-22:30,Off,JDH 14:00-23:00,JDH 13:30-22:30,VMF 13:00-22:00,VMF 13:00-22:00,JDH 13:30-22:30,JDH 13:30-22:30,JDH 10:00-19:00,,,,,,,,,,,,,,,,,,,,,,,,,,,,,,,,,,JME 13:00-22:00,JDM 14:00-23:00,JDM 14:00-23:00,VNK 12:30-21:30,JME 13:00-22:00,JME 13:00-22:00,JME 13:00-22:00,SL,JDM 14:00-23:00,JDM 14:00-23:00,JDH 13:00-22:00,JME 13:00-22:00,JME 13:00-22:00,SL,SL,JME 13:00-22:00,JDM 14:00-23:00,JME 13:00-22:00,VNK 12:30-21:30,VNK 12:30-21:30,VNK 12:30-21:30,JME 13:00-22:00,JME 13:00-22:00,JDM 14:00-23:00,Off,VNK 12:30-21:30,VNK 12:30-21:30,JME 13:00-22:00,JME 13:00-22:00,JME 13:00-22:00,JME 13:00-22:00,Off,JDH 13:00-22:00,VNK 12:30-21:30,JME 13:00-22:00,Off,JDM 14:00-23:00,JDM 14:00-23:00,JDH 13:00-22:00,JDH 13:00-22:00,JDH 13:00-22:00,JME 13:00-22:00,VNK 12:30-21:30,VNK 12:30-21:30,VNK 12:30-21:30,Off,VNK 12:30-21:30,VNK 12:30-21:30,VNK 12:30-21:30,JME 13:00-22:00,JME 13:00-22:00,JME 13:00-22:00,JME 13:00-22:00,JDH 13:00-22:00,VNK 12:30-21:30,VMF 13:00-22:00,JME 13:00-22:00,JME 13:00-22:00,JME 13:00-22:00,Off,LOP,JME 13:00-22:00,JME 13:00-22:00,JME 13:00-22:00,JME 13:00-22:00,LOP,JME 13:00-22:00,VMN 13.00-22.00,VMN 13.00-22.00,VMN 13.00-22.00,LOP,,,,,,,,,,,,,,,,,,,,,,,,,,,,,,,,,,,,,,,,,,,,,,,,,,,,,,,,,,,,,,,,,,,,,,,,,,,,,,,,,,,,,,,,,,,,,,,,,,,,,,,,,,,,,,,,,,,,,,,,,,,,,,,,,,,,,,,,,,,,,,,,,,,,,,,,,,,,,,,,,,,,,,,,,,,,,,,,,,,,,,,,,,,,,,,,,,,,,,
,Lucky Ap,,Tue,0,,FALSE,,,,,,,,,,,,,,,,,,,,,,,,,,,,,,,,,,,,,,,,,,,,,,,,,,,,,,,,,,,,,,,,,,,,,,,,,,,,,,,,,,,,,,,,,,,,,,,,,,,,,,,,,,,,,,,,,,,,,,,,,,,,,,,,,,,,,,,,,,,,,,,,,,,,,,,,,,,,,,,,,,,,,,,,,,,,,,,,,,,,,,,,,,,,,,,,,,,,,,,,,,,,,,,,,,,,,,,,,,,,,,,,,,,,,,,,,,,,,,,,,,,,,,,,,,,,,,,,,,,,,,,,,,,,,,,,,,,,,,,,,,,,,,,,,,,,,,,,,,,,,,,,,,,,,,,,,,,,,,,,,,,,,,,,,,,,,,,,,,,,,,,,,,,,,,,,,,,,,,,,,,,,,,,,,,,,,,,,,,,,,,,,,,,,,,,,,,,,,,,,,,,,,,,,,,,,,,,,,,,,,,,,,,,,,,,,,,,,,,,,,,,,,,,,,,,,,,,,,,,,,,,,,,,,,,,,,,,,,,,,,,,,,,,,,,,,,,,,,,,,,,,,,,,,,,,,,,,,,,,,,,,,,,,,,,,,,,,,,,,,,AIR,JME 13:30-22:30,JME 13:30-22:30,JME 13:30-22:30,,,,,,,,,,,,,,,,,,,,,,,,,,,,,,,,,,,,,,,,,,,,,,,,,,,,,,,,,,,,,,,,,,,,,,,,,,,,,,,,,,,,,,,,,,,,,,,,,,,,,,,,,,,,,,,,,,,,,,,,,,,,,,,,,,,,,,,,,,,,,,,,,,,,,,,,,,,,,,,,,,,,,,,,,,,,,,,,,,,,,,,,,,,,,,,,,,,,,,,,,,,,,,,,,,,,,,,,,,,,,,,,,,,,,,,,,,,,,,,,,,,,,,,,,,,,,,,,,,,,,,,,,,,,,,,,,,,,,,,,,,,,,,,,,,,,,,,,,,,,,,,,,,,,,,,,,,,,,,,,,,,,,,
,Ramya Sh,,"Sun, Mon",0,,TRUE,,,,,,,,,,,,,,,,,,,,,,,,,,,,,,,,,,,,,,,,,,,,,,,,,,,,,,,,,,,,,,,,,,,,,,,,,,,,,,,,,,,,,,,,,,,,,,,,,,,,,,,,,,,,,,,,,,,,,,,,,,,,,,,,,,,,,,,,,,,,,,,,,,,,,,,,,,,,,,,,,,,,,,,,,,,,,,,,,,,,,,,,,,,,,,,,,,,,,,,,,,,,,,,,,,,,,,,,,,,,,,,,,,,,,,,,,,,,,,,,,,,,,,,,,,,,,,,,,,,,,,,,,,,,,,,,,,,,,,,,,,,,,,,,,,,,,,,,,,,,,,,,,,,,,,,,,,,,,,,,,,,,,,,,,,,,,,,,,,,,,,,,,,,,,,,,,,,,,,,,,,,,,,,,,,,,,,,,,,,,,,,,,,,,,,,,,,,,,,,,,,,,,,,,,,,,,,,,,,,,,,,,,,,,,,,,,,,,,,,,,,,,,,,,,,,,,,,,,,,,,,,,,,,,,,,,,,,,,,,,,,,,,,,,,,,,,,,,,,,,,,,,,,,,,,,,,,,,,,,,,,,,,,,,,,,,,,,,,,,,,,,,,,,,,,,,,,,,,,,,,,,,,,,,,,,,,,,,,,,,,,,AIR,Off,AIR,AIR,AIR,AIR,AIR,AIR,Off,AIR,AIR,AIR,AIR,AIR,AIR,Off,AIR,AIR,AIR,AIR,AIR,AIR,Off,AIR,AIR,AIR,SL,AIR,AIR,AIR,AIR,AIR,AIR,AIR,Off,AIR,LOP,LOP,AIR,AIR,AIR,AIR,AIR,Off,AIR,AIR,AIR,AIR,AIR,AIR,AIR,Off,AIR,AIR,AIR,Off,AIR,AIR,AIR,AIR,AIR,AIR,AIR,AIR,Off,AIR,AIR,AIR,AIR,AIR,AIR,Off,AIR,AIR,AIR,AIR,AIR,AIR,Off,AIR,AIR,AIR,AIR,AIR,AIR,Off,LOP,AIR,AIR,AIR,AIR,AIR,Off,AIR,AIR,AIR,AIR,AIR,SL,Off,AIR,AIR,AIR,AIR,AIR,AIR,Off,AIR,AIR,AIR,AIR,AIR,AIR,Off,AIR,AIR,AIR,AIR,AIR,AIR,Off,AIR,AIR,AIR,AIR,AIR,AIR,Off,LOP,LOP,LOP,LOP,LOP,LOP,Off,LOP,AIR,AIR,AIR,AIR,Off,AIR,AIR,AIR,AIR,AIR,AIR,AIR,Off,AIR,AIR,Off,AIR,AIR,AIR,AIR,AIR,AIR,AIR,AIR,AIR,AIR,Off,AIR,AIR,AIR,Off,AIR,AIR,AIR,AIR,AIR,AIR,AIR,AIR,AIR,Off,AIR,AIR,AIR,AIR,AIR,AIR,Off,AIR,AIR,AIR,AIR,AIR,AIR,Off,AIR,AIR,AIR,Off,AIR,AIR,AIR,AIR,AIR,Off,Off,AIR,AIR,Off,AIR,AIR,Off,Off,AIR,AIR,Off,SL,AIR,AIR,Off,Off,AIR,Off,AIR,AIR,Off,Off,AIR,AIR,Off,AIR,AIR,AIR,Off,AIR 0.5,AIR 0.5,AIR,Off,AIR,Off,SL,AIR 0.5,AIR 0.5,AIR,AIR,AIR,AIR,Off,Off,AIR,AIR,AIR,AIR,Off,Off,AIR 0.5,AIR 0.5,AIR,AIR,AIR,Off,Off,AIR 0.5,AIR 0.5,SL,SL,SL,SL,Off,AIR,AIR,AIR,AIR,AIR,Off,Off,AIR,AIR,AIR,AIR,AIR,Off,Off,AIR,AIR,AIR,AIR,AIR,Off,Off,AIR 0.5,AIR 0.5
,Mina Ta,,"JDM
Mon",0,,FALSE,,,,,,,,,,,,,,,,,,,,,,,,,,,,,,,,,,,,,,,,,,,,,,,,,,,,,,,,,,,,,,,,,,,,,,,,,,,,,,,,,,,,,,,,,,,,,,,,,,,,,,,,,,,,,,,,,,,,,,,,,,,,,,,,,,,,,,,,,,,,,,,,,,,,,,,,,,,,,,,,,,,,,,,,,,,,,,,,,,,,,,,,,,,,,,,,,,,,,,,,,,,,,,,,,,,,,,,,,,,,,,,,,,,,,,,,,,,,,,,,,,,,,,,,,,,,,,,,,,,,,,,,,,,,,,,,,,,,,,,,,,,,,,,,,,,,,,,,,,,,,,,,,,,,,,,,,,,,,,,,,,,,,,,,,,,,,,,,,,,,,,,,,,,,,,,,,,,,,,,,,,,,,,,,,,,,,,,,,,,,,,,,,,,,,,,,,,,,,,,,,,,,,,,,,,,,,,,,,,,,,,,,,,,,,,,,,,,,,,,,,,,,,,,,,,,,,,,,,,,,,,,,,,,,,,,,,,,,,,,,,,,,,,,,,,,,,,,,,,,,,,,,,,,,,,,,,,,,,,,,,,,,,,,,,,,,,,,,,,,,,,,,,,,,,,,,,,,,,,,,,,,,,,,,,,,,,,,,,,,,,,,,,,,,,,,,,,,,,,,,,,,,,,,,,,,,,,,,,,,,,,,,,,,,,,,,,,,,,,,,JME 13:00-22:00,JME 13:00-22:00,JME 13:00-22:00,Off,JME 13:00-22:00,JME 13:00-22:00,JME 13:00-22:00,JDM 14:00-23:00,JDM 14:00-23:00,JME 13:00-22:00,JME 13:00-22:00,Off,JDM 14:00-23:00,JDM 14:00-23:00,VDH 13.00-22.00,VDH 13.00-22.00,BDM 13:00-22:00,BDM 13:00-22:00,Off,JDM 14:00-23:00,JDM 14:00-23:00,JDM 14:00-23:00,LOP,VDH 13.00-22.00,BDM 13:00-22:00,Off,SL,SL,VDH 13.00-22.00,VDH 13.00-22.00,VDH 13.00-22.00,Off,SL,VDH 13.00-22.00,VDH 13.00-22.00,,,,,,,,,,,,,,,,,,,,,,,,,,,,,,,,,,,,,,,,,,,,,,,,,,,,,,,,,,,,,,,,,,,,,,,,,,,,,,,,,,,,,,,,,,,,,,,,,,,,,,,,,,,,,,,,,,,,,,,,,,,,,,,,,,,,,,,,,,,,,,,,,,,,,,,,,,,,,,,,,,,,,,,,,,,,,,,,,,,,,,,,,,,,,,,,,,,,
,Nadeem Si,,"Sat, Sun",0,,FALSE,,,,,,,,,,,,,,,,,,,,,,,,,,,,,,,,,,,,,,,,,,,,,,,,,,,,,,,,,,,,,,,,,,,,,,,,,,,,,,,,,,,,,,,,,,,,,,,,,,,,,,,,,,,,,,,,,,,,,,,,,,,,,,,,,,,,,,,,,,,,,,,,,,,,,,,,,,,,,,,,,,,,,,,,,,,,,,,,,,,,,,,,,,,,,,,,,,,,,,,,,,,,,,,,,,,,,,,,,,,,,,,,,,,,,,,,,,,,,,,,,,,,,,,,,,,,,,,,,,,,,,,,,,,,,,,,,,,,,,,,,,,,,,,,,,,,,,,,,,,,,,,,,,,,,,,,,,,,,,,,,,,,,,,,,,,,,,,,,,,,,,,,,,,,,,,,,,,,,,,,,,,,,,,,,,,,,,,,,,,,,,,,,,,,,,,,,,,,,,,,,,,,,,,,,,,,,,,,,,,,,,,,,,,,,,,,,,,,,,,,,,,,,,,,,,,,,,,,,,,,,,,,,,,,,,,,,,,,,,,,,,,,,,,,,,,,,,,,,,,,,,,,,,,,,,,,,,,,,,,,,,,,,,,,,,,,,,,,,,,,,,,,,,,,,,,,,,,,,,,,,,,,,,,,,,,,,,,,,,,,,,,,,,,,,,,,,,,,,,,,,,,,,,,,,,,,,,,,,,,,,,,,,,,,,,,,,,,,,,,,,,,,,,,,,,,,,,,,,,,,,AIR,AIR,Off,Off,AIR,AIR,JME 10:00-19:00,HDM 10:00-19:00,AIR,Off,Off,AIR,AIR,AIR,AIR,AIR,Off,Off,AIR,AIR,AIR,AIR,AIR,,,,,,,,,,,,,,,,,,,,,,,,,,,,,,,,,,,,,,,,,,,,,,,,,,,,,,,,,,,,,,,,,,,,,,,,,,,,,,,,,,,,,,,,,,,,,,,,,,,,,,,,,,,,,,,,,,,,,,,,,,,,,,,,,,,,,,,,,,,,,,,,,,,,,,,,,,,,,,,,,,,,,,,,,,,,,,,,,,,,,,,,,,,
,Shuhaib Pu,,Mon-Thu,0,,TRUE,,,,,,,,,,,,,,,,,,,,,,,,,,,,,,,,,,,,,,,,,,,,,,,,,,,,,,,,,,,,,,,,,,,,,,,,,,,,,,,,,,,,,,,,,,,,,,,,,,,,,,,,,,,,,,,,,,,,,,,,,,,,,,,,,,,,,,,,,,,,,,,,,,,,,,,,,,,,,,,,,,,,,,,,,,,,,,,,,,,,,,,,,,,,,,,,,,,,,,,,,,,,,,,,,,,,,,,,,,,,,,,,,,,,,,,,,,,,,,,,,,,,,,,,,,,,,,,,,,,,,,,,,,,,,,,,,,,,,,,,,,,,,,,,,,,,,,,,,,,,,,,,,,,,,,,,,,,,,,,,,,,,,,,,,,,,,,,,,,,,,,,,,,,,,,,,,,,,,,,,,,,,,,,,,,,,,,,,,,,,,,,,,,,,,,,,,,,,,,,,,,,,,,,,,,,,,,,,,,,,,,,,,,,,,,,,,,,,,,,,,,,,,,,,,,,,,,,,,,,,,,,,,,,,,,,,,,,,,,,,,,,,,,,,,,,,,,,,,,,,,,,,,,,,,,,,,,,,,,,,,,,,,,,,,,,,,,,,,,,,,,,,,,,,,,,,,,,,,,,,,,,,,,,,,,,,,,,,,,,,,,,,,,,,,,,,,,,,,,,,,,,,,,,,,,,,,,,,,,,,,,,,,,,,,,,,,,,,,,,,,,,,,,,,,,,,,,,,,,,,,,,,,,,,,,,,,,,JME 10:00-19:00,JME 13:30-22:30,VMN 14.00-23.00,VMN 13.00-22.00,SL,VME 13.30-22.30,Off,VMN 13.30-22.30,JDM 14:00-23:00,JDM 14:00-23:00,VMN 13.30-22.30,SL,VME 13.30-22.30,Off,VMN 13.30-22.30,VMN 13.30-22.30,VMN 13.30-22.30,VMN 13.30-22.30,VME 14.00-23.00,VME 13.30-22.30,Off,JDH 13:00-22:00,JDH 13:00-22:00,VMN 13.30-22.30,VMN 13.00-22.00,VME 13.30-22.30,VME 13.30-22.30,Off,VMN 13.00-22.00,VMN 13.00-22.00,VMN 13.00-22.00,VMN 13.00-22.00,VME 13.30-22.30,VME 13.30-22.30,Off,JDM 13:30-22:30,VMN 13.00-22.00,VMN 13.00-22.00,VMN 13.00-22.00,VME 13.30-22.30,VME 13.30-22.30,Off,VMN 13.00-22.00,VMN 13.00-22.00,JDM 13:30-22:30,VME 13.30-22.30,JDM 14:00-23:00,VME 13.00-22.00,Off,JDH 15:00-22:00,JDM 15:30-22:30,JDM 15:30-22:30,VME 15.00-22.00,VME 15.00-22.00,VME 15.00-22.00,Off,JDM 15:30-22:30,JDM 15:30-22:30,JDM 15:30-22:30,LOP,VME 15.00-22.00,VME 15.00-22.00,Off,JDM 15:30-22:30,VMN 15.00-22.00,JDM 15:30-22:30,JDM 15:30-22:30,VME 15.00-22.00,VME 15.00-22.00,Off,JDM 16:00-23:00,JDM 15:30-22:30,VMN 15.00-22.00,JDH 15:00-22:00,JDM 15:30-22:30,JDM 16:00-23:00,Off,VMN 15.00-22.00,JDH 13:00-22:00,JDH 13:00-22:00,VMN 13.00-22.00,Off,VMN 13.00-22.00,Off,JDH 13:00-22:00,LOP,JDH 13:00-22:00,VMN 13.00-22.00,JDM 13:00-22:00,JDH 13:00-22:00,Off,Off,VMN 13.00-22.00,VMN 13.00-22.00,VMN 13.00-22.00,Off,Off,Off,Off,VMN 13.00-22.00,VMN 13.00-22.00,VMN 13.00-22.00,Off,Off,Off,Off,VMN 13.00-22.00,VMN 13.00-22.00,VMN 13.00-22.00,Off,Off,Off,Off,VMN 13.00-22.00,VMN 13.00-22.00,VMN 13.00-22.00,Off,Off,Off,Off,VMN 13.00-22.00,VMN 13.00-22.00,JDH 13:00-22:00,Off,Off,Off,Off,VMN 13.00-22.00,VMN 13.00-22.00,VMN 13.00-22.00,Off,Off,Off,Off,VMN 13.00-22.00,VMN 13.00-22.00,JDH 13:00-22:00,Off,Off,Off,Off,VMN 13.00-22.00,VMN 13.00-22.00,JDH 13:00-22:00,Off,Off,Off,Off,VMN 13.00-22.00,VMN 13.00-22.00,JDH 13:00-22:00,Off,Off,JDM 14:00-23:00,JDM 14:00-23:00,VMN 13.00-22.00,VMN 13.00-22.00,Off,Off,Off,JDM 14:00-23:00,JDM 14:00-23:00,JDM 14:00-23:00,SL,SL,Off,Off,Off,Off,VMN 13.00-22.00,VMN 13.00-22.00,Off,Off,Off,JDM 13:00-22:00,JDM 13:00-22:00,JDM 13:00-22:00,JDM 13:00-22:00,Off,Off,Off,Off,Off,,,,Off,Off,Off,Off,,,,Off,Off,Off
,Romnick Co,,"JME, JDH
Mon- Thu",0,,TRUE,,,,,,,,,,,,,,,,,,,,,,,,,,,,,,,,,,,,,,,,,,,,,,,,,,,,,,,,,,,,,,,,,,,,,,,,,,,,,,,,,,,,,,,,,,,,,,,,,,,,,,,,,,,,,,,,,,,,,,,,,,,,,,,,,,,,,,,,,,,,,,,,,,,,,,,,,,,,,,,,,,,,,,,,,,,,,,,,,,,,,,,,,,,,,,,,,,,,,,,,,,,,,,,,,,,,,,,,,,,,,,,,,,,,,,,,,,,,,,,,,,,,,,,,,,,,,,,,,,,,,,,,,,,,,,,,,,,,,,,,,,,,,,,,,,,,,,,,,,,,,,,,,,,,,,,,,,,,,,,,,,,,,,,,,,,,,,,,,,,,,,,,,,,,,,,,,,,,,,,,,,,,,,,,,,,,,,,,,,,,,,,,,,,,,,,,,,,,,,,,,,,,,,,,,,,,,,,,,,,,,,,,,,,,,,,,,,,,,,,,,,,,,,,,,,,,,,,,,,,,,,,,,,,,,,,,,,,,,,,,,,,,,,,,,,,,,,,,,,,,,,,,,,,,,,,,,,,,,,,,,,,,,,,,,,,,,,,,,,,,,,,,,,,,,,,,,,,,,,,,,,,,,,,,,,,,,,,,,,,,,,,,,,,,,,,,,,,,,,,,,,,,,,,,,,,,,,,,,,,,,,,,,,,,,,,,,,,,,,,,,,,,,,,,,,,,,,,,,,,,,,,,,,,,,,,,,,,,,,,,,,,,,,,,JME 10:00-19:00,JME 13:00-22:00,JME 13:00-22:00,JME 13:00-22:00,JME 13:00-22:00,Off,HDM 13:00-22:00,HDM 13:00-22:00,HDM 13:00-22:00,JME 13:00-22:00,JME 13:00-22:00,JME 13:00-22:00,Off,HDM 13:00-22:00,HDM 13:00-22:00,HDM 13:00-22:00,HDM 13:00-22:00,HDM 13:00-22:00,HDM 13:00-22:00,Off,JME 13:00-22:00,JME 13:00-22:00,JME 13:00-22:00,HDM 13:00-22:00,HDM 13:00-22:00,HDM 13:00-22:00,Off,JME 13:00-22:00,JME 13:00-22:00,JME 13:00-22:00,HDM 13:00-22:00,HDM 13:00-22:00,HDM 13:00-22:00,Off,JME 13:00-22:00,JME 15:00-22:00,JME 15:00-22:00,HDM 15:00-22:00,HDM 15:00-22:00,HDM 15:00-22:00,Off,JME 15:00-22:00,JME 15:00-22:00,JME 15:00-22:00,HDM 15:00-22:00,HDM 15:00-22:00,LOP,HDM 15:00-22:00,JME 15:00-22:00,JME 13:00-20:00,JME 13:00-20:00,HDM 13:00-20:00,HDM 13:00-20:00,HDM 13:00-20:00,Off,JME 13:00-20:00,JME 13:00-20:00,JME 13:00-20:00,HDM 13:00-20:00,HDM 13:00-20:00,HDM 13:00-20:00,Off,JME 13:00-20:00,JME 13:00-20:00,HDM 13:00-22:00,HDM 13:00-22:00,HDM 13:00-22:00,HDM 13:00-22:00,Off,JME 13:00-22:00,JME 13:00-22:00,JME 13:00-22:00,HDM 13:00-22:00,HDM 13:00-22:00,JDH 13:00-22:00,Off,JME 13:00-22:00,Off,Off,JME 13:00-22:00,JME 13:00-22:00,JME 13:00-22:00,Off,Off,Off,Off,JME 13:00-22:00,JME 13:00-22:00,JME 13:00-22:00,Off,Off,Off,Off,JME 13:00-22:00,JME 13:00-22:00,JME 13:00-22:00,Off,Off,Off,Off,JME 13:00-22:00,JME 13:00-22:00,JME 13:00-22:00,Off,Off,Off,Off,BDM 13:00-22:00,BDM 13:00-22:00,JME 13:00-22:00,Off,Off,Off,Off,BDM 13:00-22:00,BDM 13:00-22:00,SL,Off,Off,BDM 13:00-22:00,Off,BDM 13:00-22:00,BDM 13:00-22:00,BDM 13:00-22:00,Off,Off,Off,Off,BDM 13:00-22:00,BDM 13:00-22:00,BDM 13:00-22:00,Off,BDM 13:00-22:00,Off,BDM 13:00-22:00,BDM 13:00-22:00,Off,BDM 13:00-22:00,Off,Off,Off,Off,BDM 13:00-22:00,BDM 13:00-22:00,BDM 13:00-22:00,Off,Off,Off,Off,BDM 13:00-22:00,BDM 13:00-22:00,BDM 13:00-22:00,Off,Off,Off,Off,BDM 13:00-22:00,BDM 13:00-22:00,BDM 13:00-22:00,Off,Off,Off,Off,BDM 13:00-22:00,BDM 13:00-22:00,BDM 13:00-22:00,Off,Off,Off,Off,,,,Off,Off,Off,Off,,,,Off,Off,Off
,,,,,,FALSE,,,,,,,,,,,,,,,,,,,,,,,,,,,,,,,,,,,,,,,,,,,,,,,,,,,,,,,,,,,,,,,,,,,,,,,,,,,,,,,,,,,,,,,,,,,,,,,,,,,,,,,,,,,,,,,,,,,,,,,,,,,,,,,,,,,,,,,,,,,,,,,,,,,,,,,,,,,,,,,,,,,,,,,,,,,,,,,,,,,,,,,,,,,,,,,,,,,,,,,,,,,,,,,,,,,,,,,,,,,,,,,,,,,,,,,,,,,,,,,,,,,,,,,,,,,,,,,,,,,,,,,,,,,,,,,,,,,,,,,,,,,,,,,,,,,,,,,,,,,,,,,,,,,,,,,,,,,,,,,,,,,,,,,,,,,,,,,,,,,,,,,,,,,,,,,,,,,,,,,,,,,,,,,,,,,,,,,,,,,,,,,,,,,,,,,,,,,,,,,,,,,,,,,,,,,,,,,,,,,,,,,,,,,,,,,,,,,,,,,,,,,,,,,,,,,,,,,,,,,,,,,,,,,,,,,,,,,,,,,,,,,,,,,,,,,,,,,,,,,,,,,,,,,,,,,,,,,,,,,,,,,,,,,,,,,,,,,,,,,,,,,,,,,,,,,,,,,,,,,,,,,,,,,,,,,,,,,,,,,,,,,,,,,,,,,,,,,,,,,,,,,,,,,,,,,,,,,,,,,,,,,,,,,,,,,,,,,,,,,,,,,,,,,,,,,,,,,,,,,,,,,,,,,,,,,,,,,,,,,,,,,,,,,,,,,,,,,,,,,,,,,,,,,,,,,,,,,,,,,,,,,,,,,,,,,,,,,,,,,,,,,,,,,,,,,,,,,,,,,,,,,,,,,,,,,,,,,,,,,,,,,,,,,,,,,,,,,,,,,,,,,,,,,,,,,,,,,,,,,,,,,,,,,,,,,,,,,,,,,,,,,,,,,,,,,,,,,,,,,,,,,,,,,,,,